DATE_TIME,hour,day_of_week,day_of_month,month,Solar_AC_Power,load_lag_1,load_lag_24,rolling_mean_3,rolling_mean_24,National Hourly Demand
2020-05-16 00:00:00,0,5,16,5,0.0,146687.49,139190.78,146422.80999999997,138333.86541666667,143475.81
2020-05-16 01:00:00,1,5,16,5,0.0,143475.81,135687.17,145896.1466666667,138512.40833333335,140840.83
2020-05-16 02:00:00,2,5,16,5,0.0,140840.83,132899.64,143668.04333333333,138727.14416666667,138092.51
2020-05-16 03:00:00,3,5,16,5,0.0,138092.51,131628.36,140803.05000000002,138943.51375,136742.28
2020-05-16 04:00:00,4,5,16,5,0.0,136742.28,130762.33,138558.54,139156.59375,135393.13
2020-05-16 05:00:00,5,5,16,5,0.0,135393.13,130425.27,136742.64,139349.54375,134738.1
2020-05-16 06:00:00,6,5,16,5,1463.4284523809524,134738.1,128393.16,135624.50333333333,139529.24500000002,133545.17
2020-05-16 07:00:00,7,5,16,5,6448.071071428572,133545.17,129436.7,134558.80000000002,139743.91208333333,133717.85
2020-05-16 08:00:00,8,5,16,5,14129.9525,133717.85,132053.53,134000.37333333332,139922.29333333333,135936.42
2020-05-16 09:00:00,9,5,16,5,19790.406666666662,135936.42,137079.33,134399.81333333335,140084.08041666666,140149.75
2020-05-16 10:00:00,10,5,16,5,17107.199047619048,140149.75,138756.0,136601.34,140212.01458333334,140572.72
2020-05-16 11:00:00,11,5,16,5,17344.349761904763,140572.72,140099.52,138886.29666666666,140287.71125,141998.12
2020-05-16 12:00:00,12,5,16,5,13877.232142857143,141998.12,142112.42,140906.8633333333,140366.81958333333,143927.27
2020-05-16 13:00:00,13,5,16,5,14994.97011904762,143927.27,143860.83,142166.03666666665,140442.43833333332,144410.35
2020-05-16 14:00:00,14,5,16,5,16065.674523809525,144410.35,147698.88,143445.24666666667,140465.335,145798.34
2020-05-16 15:00:00,15,5,16,5,11362.159166666666,145798.34,148952.43,144711.98666666666,140386.14583333334,146170.78
2020-05-16 16:00:00,16,5,16,5,4923.641547619048,146170.78,144417.17,145459.82333333333,140270.24375,141857.25
2020-05-16 17:00:00,17,5,16,5,1052.1095238095238,141857.25,135782.96,144608.79,140163.58041666666,133842.0
2020-05-16 18:00:00,18,5,16,5,4.170595238095238,133842.0,130616.67,140623.34333333335,140082.70708333334,129271.5
2020-05-16 19:00:00,19,5,16,5,0.0,129271.5,138438.42,134990.25,140026.65833333335,138655.28
2020-05-16 20:00:00,20,5,16,5,0.0,138655.28,142452.77,133922.92666666667,140035.69416666668,142590.34
2020-05-16 21:00:00,21,5,16,5,0.0,142590.34,145055.8,136839.04,140041.42625,145332.63
2020-05-16 22:00:00,22,5,16,5,0.0,145332.63,147525.14,142192.75,140052.96083333335,147816.43
2020-05-16 23:00:00,23,5,16,5,0.0,147816.43,146687.49,145246.46666666665,140065.09791666668,146308.18
2020-05-17 00:00:00,0,6,17,5,0.0,146308.18,143475.81,146485.74666666667,140049.29333333333,143436.39
2020-05-17 01:00:00,1,6,17,5,0.0,143436.39,140840.83,145853.66666666666,140047.65083333335,140289.28
2020-05-17 02:00:00,2,6,17,5,0.0,140289.28,138092.51,143344.61666666667,140024.66958333334,137678.8
2020-05-17 03:00:00,3,6,17,5,0.0,137678.8,136742.28,140468.15666666665,140007.43166666667,136392.11
2020-05-17 04:00:00,4,6,17,5,0.0,136392.11,135393.13,138120.06333333332,139992.84125,134893.88
2020-05-17 05:00:00,5,6,17,5,0.0,134893.88,134738.1,136321.59666666665,139972.03916666665,133830.39
2020-05-17 06:00:00,6,6,17,5,567.3472619047618,133830.39,133545.17,135038.79333333333,139934.21791666668,132560.71
2020-05-17 07:00:00,7,6,17,5,3692.420357142857,132560.71,133717.85,133761.66,139893.19875,132273.74
2020-05-17 08:00:00,8,6,17,5,13285.585595238095,132273.74,135936.42,132888.28,139833.0275,133486.84
2020-05-17 09:00:00,9,6,17,5,17442.729047619046,133486.84,140149.75,132773.7633333333,139730.96166666667,135090.14
2020-05-17 10:00:00,10,6,17,5,15520.189047619047,135090.14,140572.72,133616.90666666665,139520.1445833333,136388.33
2020-05-17 11:00:00,11,6,17,5,13526.416547619046,136388.33,141998.12,134988.43666666668,139345.795,137479.23
2020-05-17 12:00:00,12,6,17,5,17503.545,137479.23,143927.27,136319.2333333333,139157.50791666665,138451.72
2020-05-17 13:00:00,13,6,17,5,14933.610595238097,138451.72,144410.35,137439.75999999998,138929.36000000002,140432.17
2020-05-17 14:00:00,14,6,17,5,15329.867619047618,140432.17,145798.34,138787.70666666667,138763.6025,142273.67
2020-05-17 15:00:00,15,6,17,5,8776.644642857143,142273.67,146170.78,140385.85333333336,138616.74125,141608.39
2020-05-17 16:00:00,16,6,17,5,11319.9438003663,141608.39,141857.25,141438.0766666667,138426.64166666666,137683.94
2020-05-17 17:00:00,17,6,17,5,3410.154642857143,137683.94,133842.0,140522.00000000003,138252.75375,129643.72
2020-05-17 18:00:00,18,6,17,5,789.8010714285714,129643.72,129271.5,136312.0166666667,138077.82541666666,125063.9
2020-05-17 19:00:00,19,6,17,5,0.0,125063.9,138655.28,130797.18666666666,137902.50875,134650.72
2020-05-17 20:00:00,20,6,17,5,0.0,134650.72,142590.34,129786.11333333333,137735.65208333332,138984.76
2020-05-17 21:00:00,21,6,17,5,0.0,138984.76,145332.63,132899.79333333333,137585.41958333334,142200.45
2020-05-17 22:00:00,22,6,17,5,0.0,142200.45,147816.43,138611.97666666665,137454.91208333333,144339.37
2020-05-17 23:00:00,23,6,17,5,0.0,144339.37,146308.18,141841.52666666667,137310.03458333333,143852.24
2020-05-18 00:00:00,0,0,18,5,0.0,143852.24,143436.39,143464.02,137207.70375000002,140366.46
2020-05-18 01:00:00,1,0,18,5,0.0,140366.46,140289.28,142852.68999999997,137079.79,137164.78
2020-05-18 02:00:00,2,0,18,5,0.0,137164.78,137678.8,140461.16,136949.6025,133938.24
2020-05-18 03:00:00,3,0,18,5,0.0,133938.24,136392.11,137156.49333333332,136793.74583333335,132815.79
2020-05-18 04:00:00,4,0,18,5,0.0,132815.79,134893.88,134639.60333333336,136644.7325,131000.36
2020-05-18 05:00:00,5,0,18,5,0.0,131000.36,133830.39,132584.79666666666,136482.5025,130880.75
2020-05-18 06:00:00,6,0,18,5,0.0,130880.75,132560.71,131565.63333333333,136359.60083333333,130430.72
2020-05-18 07:00:00,7,0,18,5,560.1733333333334,130430.72,132273.74,130770.61,136270.85124999998,131769.74
2020-05-18 08:00:00,8,0,18,5,7976.833809523809,131769.74,133486.84,131027.07,136249.85125,134553.32
2020-05-18 09:00:00,9,0,18,5,15253.700357142858,134553.32,135090.14,132251.26,136294.28791666665,138612.46
2020-05-18 10:00:00,10,0,18,5,13666.079642857145,138612.46,136388.33,134978.50666666668,136441.05125,140470.26
2020-05-18 11:00:00,11,0,18,5,16897.657976190476,140470.26,137479.23,137878.68000000002,136611.13166666668,141938.36
2020-05-18 12:00:00,12,0,18,5,16110.467976190475,141938.36,138451.72,140340.36,136796.92875,143731.25
2020-05-18 13:00:00,13,0,18,5,15531.089166666668,143731.25,140432.17,142046.62333333332,137016.90916666665,144442.85
2020-05-18 14:00:00,14,0,18,5,16697.927023809523,144442.85,142273.67,143370.82,137184.02083333334,146938.79
2020-05-18 15:00:00,15,0,18,5,13293.60595238095,146938.79,141608.39,145037.63,137378.40083333335,148271.59
2020-05-18 16:00:00,16,0,18,5,9839.00107142857,148271.59,137683.94,146551.07666666666,137656.03416666665,145032.55
2020-05-18 17:00:00,17,0,18,5,3476.207976190476,145032.55,129643.72,146747.64333333334,137962.22625,136228.99
2020-05-18 18:00:00,18,0,18,5,450.39702380952383,136228.99,125063.9,143177.71,138236.6125,130384.34
2020-05-18 19:00:00,19,0,18,5,0.0,130384.34,134650.72,137215.29333333333,138458.2975,139105.12
2020-05-18 20:00:00,20,0,18,5,0.0,139105.12,138984.76,135239.4833333333,138643.8975,143679.37
2020-05-18 21:00:00,21,0,18,5,0.0,143679.37,142200.45,137722.94333333333,138839.50625,146191.04
2020-05-18 22:00:00,22,0,18,5,0.0,146191.04,144339.37,142991.84333333335,139005.78083333335,149026.78
2020-05-18 23:00:00,23,0,18,5,0.0,149026.78,143852.24,146299.06333333335,139201.08958333332,148025.22
2020-05-19 00:00:00,0,1,19,5,0.0,148025.22,140366.46,147747.68000000002,139374.96375,144610.61
2020-05-19 01:00:00,1,1,19,5,0.0,144610.61,137164.78,147220.87,139551.80333333332,141257.43
2020-05-19 02:00:00,2,1,19,5,0.0,141257.43,133938.24,144631.08666666664,139722.33041666666,138024.96
2020-05-19 03:00:00,3,1,19,5,0.0,138024.96,132815.79,141297.66666666666,139892.61041666666,136016.15
2020-05-19 04:00:00,4,1,19,5,0.0,136016.15,131000.36,138432.84666666665,140025.95875,134260.56
2020-05-19 05:00:00,5,1,19,5,0.0,134260.56,130880.75,136100.55666666667,140161.80041666667,133848.37
2020-05-19 06:00:00,6,1,19,5,1382.952619047619,133848.37,130430.72,134708.36,140285.45125,133546.02
2020-05-19 07:00:00,7,1,19,5,7476.874404761905,133546.02,131769.74,133884.9833333333,140415.25541666668,134717.44
2020-05-19 08:00:00,8,1,19,5,9298.863095238095,134717.44,134553.32,134037.27666666664,140538.07625,136539.34
2020-05-19 09:00:00,9,1,19,5,9298.71261904762,136539.34,138612.46,134934.26666666666,140620.82708333334,138753.87
2020-05-19 10:00:00,10,1,19,5,10779.14380952381,138753.87,140470.26,136670.21666666667,140626.71916666668,139904.35
2020-05-19 11:00:00,11,1,19,5,15652.919166666668,139904.35,141938.36,138399.18666666665,140603.13958333334,138835.25
2020-05-19 12:00:00,12,1,19,5,15627.39130952381,138835.25,143731.25,139164.49,140473.84333333335,140370.75
2020-05-19 13:00:00,13,1,19,5,15965.529285714283,140370.75,144442.85,139703.44999999998,140333.8225,141859.71
2020-05-19 14:00:00,14,1,19,5,15804.09523809524,141859.71,146938.79,140355.23666666666,140226.19166666668,144796.92
2020-05-19 15:00:00,15,1,19,5,6131.086346153846,144796.92,148271.59,142342.46,140136.94708333333,145456.64
2020-05-19 16:00:00,16,1,19,5,1078.04876984127,145456.64,145032.55,144037.75666666668,140019.6575,142892.18
2020-05-19 17:00:00,17,1,19,5,149.62,142892.18,136228.99,144381.91333333333,139930.47541666665,137001.94
2020-05-19 18:00:00,18,1,19,5,12.956190476190477,137001.94,130384.34,141783.58666666667,139962.68166666667,131374.16
2020-05-19 19:00:00,19,1,19,5,0.0,131374.16,139105.12,137089.42666666667,140003.92416666666,139627.36
2020-05-19 20:00:00,20,1,19,5,0.0,139627.36,143679.37,136001.15333333332,140025.68416666667,143719.18
2020-05-19 21:00:00,21,1,19,5,0.0,143719.18,146191.04,138240.23333333334,140027.34291666668,146380.36
2020-05-19 22:00:00,22,1,19,5,0.0,146380.36,149026.78,143242.3,140035.23124999998,149066.82
2020-05-19 23:00:00,23,1,19,5,0.0,149066.82,148025.22,146388.78666666665,140036.89958333332,147556.06
2020-05-20 00:00:00,0,2,20,5,0.0,147556.06,144610.61,147667.74666666667,140017.35124999998,142814.11
2020-05-20 01:00:00,1,2,20,5,0.0,142814.11,141257.43,146478.99666666667,139942.49708333335,139114.54
2020-05-20 02:00:00,2,2,20,5,0.0,139114.54,138024.96,143161.56999999998,139853.21,136581.77
2020-05-20 03:00:00,3,2,20,5,0.0,136581.77,136016.15,139503.47333333333,139793.0770833333,134817.14
2020-05-20 04:00:00,4,2,20,5,0.0,134817.14,134260.56,136837.81666666668,139743.11833333332,133043.56
2020-05-20 05:00:00,5,2,20,5,0.0,133043.56,133848.37,134814.15666666668,139692.41,132578.86
2020-05-20 06:00:00,6,2,20,5,697.1953571428571,132578.86,133546.02,133479.85333333333,139639.51374999998,132940.46
2020-05-20 07:00:00,7,2,20,5,3587.765,132940.46,134717.44,132854.29333333333,139614.28208333332,134451.17
2020-05-20 08:00:00,8,2,20,5,7107.720238095238,134451.17,136539.34,133323.49666666667,139603.1875,136019.44
2020-05-20 09:00:00,9,2,20,5,8775.18738095238,136019.44,138753.87,134470.35666666666,139581.525,138860.0
2020-05-20 10:00:00,10,2,20,5,5074.558214285714,138860.0,139904.35,136443.53666666665,139585.94708333333,139477.38
2020-05-20 11:00:00,11,2,20,5,3695.5,139477.38,138835.25,138118.94,139568.15666666665,138404.84
2020-05-20 12:00:00,12,2,20,5,5188.2575,138404.84,140370.75,138914.07333333333,139550.22291666665,139239.46
2020-05-20 13:00:00,13,2,20,5,4802.340595238095,139239.46,141859.71,139040.56,139503.08583333332,139447.49
2020-05-20 14:00:00,14,2,20,5,13178.8675,139447.49,144796.92,139030.59666666665,139402.57666666666,142221.7
2020-05-20 15:00:00,15,2,20,5,18242.599523809524,142221.7,145456.64,140302.88333333333,139295.27583333335,143597.96
2020-05-20 16:00:00,16,2,20,5,9589.955595238094,143597.96,142892.18,141755.71666666667,139217.83083333334,141977.95
2020-05-20 17:00:00,17,2,20,5,5305.0216666666665,141977.95,137001.94,142599.20333333334,139179.73791666667,136446.01
2020-05-20 18:00:00,18,2,20,5,920.382976190476,136446.01,131374.16,140673.97333333336,139156.5741666667,128811.94
2020-05-20 19:00:00,19,2,20,5,0.0,128811.94,139627.36,135745.30000000002,139049.815,136618.67
2020-05-20 20:00:00,20,2,20,5,0.0,136618.67,143719.18,133958.87333333332,138924.45291666666,139901.92
2020-05-20 21:00:00,21,2,20,5,0.0,139901.92,146380.36,135110.84333333335,138765.40041666667,141972.82
2020-05-20 22:00:00,22,2,20,5,0.0,141972.82,149066.82,139497.80333333334,138581.75291666668,144664.15
2020-05-20 23:00:00,23,2,20,5,0.0,144664.15,147556.06,142179.63,138398.30833333332,143614.14
2020-05-21 00:00:00,0,3,21,5,0.0,143614.14,142814.11,143417.03666666665,138234.06166666668,141204.74
2020-05-21 01:00:00,1,3,21,5,0.0,141204.74,139114.54,143161.01,138167.00458333333,138076.82
2020-05-21 02:00:00,2,3,21,5,0.0,138076.82,136581.77,140965.23333333334,138123.76625,135236.07
2020-05-21 03:00:00,3,3,21,5,0.0,135236.07,134817.14,138172.54333333333,138067.69541666668,133427.73
2020-05-21 04:00:00,4,3,21,5,0.0,133427.73,133043.56,135580.20666666667,138009.80333333334,131672.91
2020-05-21 05:00:00,5,3,21,5,0.0,131672.91,132578.86,133445.57,137952.69291666665,131353.81
2020-05-21 06:00:00,6,3,21,5,1197.1675,131353.81,132940.46,132151.48333333334,137901.64916666667,131916.59
2020-05-21 07:00:00,7,3,21,5,5090.203214285714,131916.59,134451.17,131647.77,137858.9879166667,132976.19
2020-05-21 08:00:00,8,3,21,5,10301.335,132976.19,136019.44,132082.19666666666,137797.53041666668,136024.92
2020-05-21 09:00:00,9,3,21,5,11985.65011904762,136024.92,138860.0,133639.23333333334,137797.75875,139848.95
2020-05-21 10:00:00,10,3,21,5,7279.5935714285715,139848.95,139477.38,136283.35333333333,137838.965,141560.87
2020-05-21 11:00:00,11,3,21,5,11479.79988095238,141560.87,138404.84,139144.91333333333,137925.77708333332,141242.03
2020-05-21 12:00:00,12,3,21,5,11525.63011904762,141242.03,139239.46,140883.94999999998,138043.99333333335,141595.23
2020-05-21 13:00:00,13,3,21,5,15560.072261904765,141595.23,139447.49,141466.04333333333,138142.15041666667,139405.5
2020-05-21 14:00:00,14,3,21,5,18514.403214285718,139405.5,142221.7,140747.58666666667,138140.40083333335,142881.01
2020-05-21 15:00:00,15,3,21,5,13757.44738095238,142881.01,143597.96,141293.91333333333,138167.87208333332,145298.61
2020-05-21 16:00:00,16,3,21,5,9324.89761904762,145298.61,141977.95,142528.37333333332,138238.7325,144011.05
2020-05-21 17:00:00,17,3,21,5,4203.791904761904,144011.05,136446.01,144063.55666666667,138323.445,138215.96
2020-05-21 18:00:00,18,3,21,5,535.3492857142858,138215.96,128811.94,142508.54,138397.19291666665,132706.81
2020-05-21 19:00:00,19,3,21,5,0.0,132706.81,136618.67,138311.27333333332,138559.47916666666,140450.1
2020-05-21 20:00:00,20,3,21,5,0.0,140450.1,139901.92,137124.29,138719.12208333335,144393.41
2020-05-21 21:00:00,21,3,21,5,0.0,144393.41,141972.82,139183.44000000003,138906.2675,148048.94
2020-05-21 22:00:00,22,3,21,5,0.0,148048.94,144664.15,144297.4833333333,139159.43916666668,150561.14
2020-05-21 23:00:00,23,3,21,5,0.0,150561.14,143614.14,147667.83,139405.14708333332,149858.8
2020-05-22 00:00:00,0,4,22,5,0.0,149858.8,141204.74,149489.62666666668,139665.34125,147452.41
2020-05-22 01:00:00,1,4,22,5,0.0,147452.41,138076.82,149290.78333333335,139925.66083333333,144202.06
2020-05-22 02:00:00,2,4,22,5,0.0,144202.06,135236.07,147171.09,140180.87916666668,140985.11
2020-05-22 03:00:00,3,4,22,5,0.0,140985.11,133427.73,144213.19333333333,140420.4225,139803.67
2020-05-22 04:00:00,4,4,22,5,0.0,139803.67,131672.91,141663.6133333333,140686.08666666667,138136.57
2020-05-22 05:00:00,5,4,22,5,0.8833333333333333,138136.57,131353.81,139641.78333333333,140955.40583333332,138463.93
2020-05-22 06:00:00,6,4,22,5,1496.9453571428571,138463.93,131916.59,138801.39,141251.66083333336,137716.1
2020-05-22 07:00:00,7,4,22,5,5898.092380952381,137716.1,132976.19,138105.53333333333,141493.30708333335,139331.15
2020-05-22 08:00:00,8,4,22,5,11544.568214285717,139331.15,136024.92,138503.72666666668,141758.09708333333,141874.6
2020-05-22 09:00:00,9,4,22,5,12492.567023809524,141874.6,139848.95,139640.61666666667,142001.83375,144263.78
2020-05-22 10:00:00,10,4,22,5,12230.391547619049,144263.78,141560.87,141823.17666666667,142185.785,146678.74
2020-05-22 11:00:00,11,4,22,5,12417.686071428572,146678.74,141242.03,144272.37333333332,142399.02958333332,148070.67
2020-05-22 12:00:00,12,4,22,5,12525.894166666669,148070.67,141595.23,146337.73,142683.55625,148953.66
2020-05-22 13:00:00,13,4,22,5,12405.241831501831,148953.66,139405.5,147901.02333333335,142990.1575,150734.51
2020-05-22 14:00:00,14,4,22,5,13200.532023809525,150734.51,142881.01,149252.94666666668,143462.19958333333,153739.13
2020-05-22 15:00:00,15,4,22,5,14051.115952380953,153739.13,145298.61,151142.43333333335,143914.62125,155815.14
2020-05-22 16:00:00,16,4,22,5,9355.956547619047,155815.14,144011.05,153429.59333333335,144352.81,153276.81
2020-05-22 17:00:00,17,4,22,5,3984.457857142857,153276.81,138215.96,154277.02666666664,144738.88333333333,144585.35
2020-05-22 18:00:00,18,4,22,5,248.6529761904762,144585.35,132706.81,151225.76666666666,145004.27458333332,138138.29
2020-05-22 19:00:00,19,4,22,5,0.0,138138.29,140450.1,145333.48333333337,145230.58625,144144.46
2020-05-22 20:00:00,20,4,22,5,0.0,144144.46,144393.41,142289.36666666667,145384.51791666666,149593.1
2020-05-22 21:00:00,21,4,22,5,0.0,149593.1,148048.94,143958.61666666667,145601.17166666666,152613.27
2020-05-22 22:00:00,22,4,22,5,0.0,152613.27,150561.14,148783.61,145791.35208333333,155811.61
2020-05-22 23:00:00,23,4,22,5,0.0,155811.61,149858.8,152672.66,146010.12166666667,155639.9
2020-05-23 00:00:00,0,5,23,5,0.0,155639.9,147452.41,154688.26,146251.00083333332,153442.71
2020-05-23 01:00:00,1,5,23,5,0.0,153442.71,144202.06,154964.74,146500.59666666668,150455.04
2020-05-23 02:00:00,2,5,23,5,0.0,150455.04,140985.11,153179.21666666667,146761.1375,147312.42
2020-05-23 03:00:00,3,5,23,5,0.0,147312.42,139803.67,150403.38999999998,147024.77541666667,145889.97
2020-05-23 04:00:00,4,5,23,5,0.0,145889.97,138136.57,147885.81000000003,147278.37125,144260.42
2020-05-23 05:00:00,5,5,23,5,0.0,144260.42,138463.93,145820.93666666668,147533.53166666668,143327.43
2020-05-23 06:00:00,6,5,23,5,1244.8270238095238,143327.43,137716.1,144492.60666666666,147736.1775,142604.0
2020-05-23 07:00:00,7,5,23,5,5452.821547619047,142604.0,139331.15,143397.28333333333,147939.84,143343.65
2020-05-23 08:00:00,8,5,23,5,10968.18976190476,143343.65,141874.6,143091.69333333333,148107.0275,144436.48
2020-05-23 09:00:00,9,5,23,5,13508.730833333331,144436.48,144263.78,143461.37666666668,148213.7725,147643.21
2020-05-23 10:00:00,10,5,23,5,12414.843333333332,147643.21,146678.74,145141.1133333333,148354.58208333334,148466.55
2020-05-23 11:00:00,11,5,23,5,12418.100952380952,148466.55,148070.67,146848.74666666667,148429.0741666667,149551.37
2020-05-23 12:00:00,12,5,23,5,12740.478095238095,149551.37,148953.66,148553.71,148490.77,151150.61
2020-05-23 13:00:00,13,5,23,5,13130.281904761903,151150.61,150734.51,149722.84333333335,148582.30958333335,152940.83
2020-05-23 14:00:00,14,5,23,5,13548.80011904762,152940.83,153739.13,151214.27,148674.23958333334,157068.77
2020-05-23 15:00:00,15,5,23,5,13708.490476190476,157068.77,155815.14,153720.06999999998,148812.97458333333,159056.96
2020-05-23 16:00:00,16,5,23,5,9013.40011904762,159056.96,153276.81,156355.52,148948.05041666667,154866.35
2020-05-23 17:00:00,17,5,23,5,3974.483690476191,154866.35,144585.35,156997.36,149014.28125,147476.55
2020-05-23 18:00:00,18,5,23,5,489.1797619047619,147476.55,138138.29,153799.95333333334,149134.74791666667,140348.83
2020-05-23 19:00:00,19,5,23,5,0.0,140348.83,144144.46,147563.91,149226.85375,148124.0
2020-05-23 20:00:00,20,5,23,5,0.0,148124.0,149593.1,145316.46,149392.6679166667,152746.6
2020-05-23 21:00:00,21,5,23,5,0.0,152746.6,152613.27,147073.1433333333,149524.06375,155818.23
2020-05-23 22:00:00,22,5,23,5,0.0,155818.23,155811.61,152229.61000000002,149657.60375,160298.7
2020-05-23 23:00:00,23,5,23,5,0.0,160298.7,155639.9,156287.84333333335,149844.56583333333,160219.88
2020-05-24 00:00:00,0,6,24,5,0.0,160219.88,153442.71,158778.93666666668,150035.39833333332,157386.56
2020-05-24 01:00:00,1,6,24,5,0.0,157386.56,150455.04,159301.71333333335,150199.72541666665,154481.07
2020-05-24 02:00:00,2,6,24,5,0.0,154481.07,147312.42,157362.50333333333,150367.47666666665,151580.7
2020-05-24 03:00:00,3,6,24,5,0.0,151580.7,145889.97,154482.77666666667,150545.32166666666,149736.64
2020-05-24 04:00:00,4,6,24,5,0.0,149736.64,144260.42,151932.80333333334,150705.59958333333,148620.19
2020-05-24 05:00:00,5,6,24,5,0.0,148620.19,143327.43,149979.17666666667,150887.25666666665,148426.97
2020-05-24 06:00:00,6,6,24,5,1295.7171428571428,148426.97,142604.0,148927.93333333335,151099.73750000002,146106.53
2020-05-24 07:00:00,7,6,24,5,5315.378571428571,146106.53,143343.65,147717.89666666667,151245.67625,146130.59
2020-05-24 08:00:00,8,6,24,5,11059.738928571427,146130.59,144436.48,146888.03,151361.79875000002,147237.9
2020-05-24 09:00:00,9,6,24,5,14500.805476190477,147237.9,147643.21,146491.67333333334,151478.52458333335,148551.7
2020-05-24 10:00:00,10,6,24,5,12254.224642857143,148551.7,148466.55,147306.73,151516.37833333333,147660.08
2020-05-24 11:00:00,11,6,24,5,10432.877738095238,147660.08,149551.37,147816.55999999997,151482.77541666667,149567.16
2020-05-24 12:00:00,12,6,24,5,10378.88761904762,149567.16,151150.61,148592.98,151483.43333333332,150552.66
2020-05-24 13:00:00,13,6,24,5,11387.430952380952,150552.66,152940.83,149259.96666666667,151458.51875000002,151322.3
2020-05-24 14:00:00,14,6,24,5,12990.710357142856,151322.3,157068.77,150480.70666666667,151391.08,154011.25
2020-05-24 15:00:00,15,6,24,5,14118.893452380951,154011.25,159056.96,151962.06999999998,151263.68333333332,155628.75
2020-05-24 16:00:00,16,6,24,5,9215.350952380952,155628.75,154866.35,153654.09999999998,151120.84125,152372.8
2020-05-24 17:00:00,17,6,24,5,3674.0190476190473,152372.8,147476.55,154004.2666666667,151016.94333333333,145388.69
2020-05-24 18:00:00,18,6,24,5,528.324880952381,145388.69,140348.83,151130.08,150929.94916666666,138055.71
2020-05-24 19:00:00,19,6,24,5,0.0,138055.71,148124.0,145272.4,150834.4025,145814.0
2020-05-24 20:00:00,20,6,24,5,0.0,145814.0,152746.6,143086.13333333333,150738.1525,151402.05
2020-05-24 21:00:00,21,6,24,5,0.0,151402.05,155818.23,145090.58666666664,150682.12958333333,154998.99
2020-05-24 22:00:00,22,6,24,5,0.0,154998.99,160298.7,150738.34666666665,150647.99458333332,158905.18
2020-05-24 23:00:00,23,6,24,5,0.0,158905.18,160219.88,155102.07333333333,150589.93125,159018.84
2020-05-25 00:00:00,0,0,25,5,0.0,159018.84,157386.56,157641.00333333333,150539.88791666666,157160.17
2020-05-25 01:00:00,1,0,25,5,0.0,157160.17,154481.07,158361.39666666667,150530.455,154566.64
2020-05-25 02:00:00,2,0,25,5,0.0,154566.64,151580.7,156915.21666666667,150534.02041666667,151002.88
2020-05-25 03:00:00,3,0,25,5,0.0,151002.88,149736.64,154243.23,150509.94458333333,148505.82
2020-05-25 04:00:00,4,0,25,5,0.0,148505.82,148620.19,151358.44666666668,150458.66041666668,147896.64
2020-05-25 05:00:00,5,0,25,5,0.0,147896.64,148426.97,149135.11333333334,150428.5125,148365.23
2020-05-25 06:00:00,6,0,25,5,1432.0775,148365.23,146106.53,148255.8966666667,150425.94,148333.53
2020-05-25 07:00:00,7,0,25,5,5367.757619047619,148333.53,146130.59,148198.46666666667,150518.73166666666,149384.84
2020-05-25 08:00:00,8,0,25,5,10408.32261904762,149384.84,147237.9,148694.53333333333,150654.32541666666,150937.06
2020-05-25 09:00:00,9,0,25,5,14905.888928571429,150937.06,148551.7,149551.81000000003,150808.4570833333,153827.53
2020-05-25 10:00:00,10,0,25,5,16660.184404761905,153827.53,147660.08,151383.14333333334,151028.28333333335,155042.41
2020-05-25 11:00:00,11,0,25,5,16834.21523809524,155042.41,149567.16,153269.0,151335.88041666665,156596.87
2020-05-25 12:00:00,12,0,25,5,17141.302142857145,156596.87,150552.66,155155.60333333336,151628.785,157100.88
2020-05-25 13:00:00,13,0,25,5,17068.585119047617,157100.88,151322.3,156246.72,151901.62749999997,156430.9
2020-05-25 14:00:00,14,0,25,5,17309.337023809523,156430.9,154011.25,156709.55,152114.48583333334,157451.04
2020-05-25 15:00:00,15,0,25,5,14262.987738095238,157451.04,155628.75,156994.27333333335,152257.81041666667,158853.5
2020-05-25 16:00:00,16,0,25,5,8839.723452380951,158853.5,152372.8,157578.48,152392.17500000002,155524.89
2020-05-25 17:00:00,17,0,25,5,2102.0508333333337,155524.89,145388.69,157276.47666666668,152523.51208333333,148198.76
2020-05-25 18:00:00,18,0,25,5,61.63190476190477,148198.76,138055.71,154192.38333333333,152640.59833333336,141746.11
2020-05-25 19:00:00,19,0,25,5,0.0,141746.11,145814.0,148489.92,152794.36500000002,148637.5
2020-05-25 20:00:00,20,0,25,5,0.0,148637.5,151402.05,146194.12333333332,152912.01083333333,153366.86
2020-05-25 21:00:00,21,0,25,5,0.0,153366.86,154998.99,147916.82333333333,152993.87791666665,156961.36
2020-05-25 22:00:00,22,0,25,5,0.0,156961.36,158905.18,152988.57333333333,153075.64333333334,161437.2
2020-05-25 23:00:00,23,0,25,5,0.0,161437.2,159018.84,157255.13999999998,153181.14416666667,161721.47
2020-05-26 00:00:00,0,1,26,5,0.0,161721.47,157160.17,160040.00999999998,153293.75375,159358.41
2020-05-26 01:00:00,1,1,26,5,0.0,159358.41,154566.64,160839.0266666667,153385.34708333333,156662.83
2020-05-26 02:00:00,2,1,26,5,0.0,156662.83,151002.88,159247.56999999998,153472.68833333332,152993.62
2020-05-26 03:00:00,3,1,26,5,0.0,152993.62,148505.82,156338.28666666665,153555.63583333333,150224.64
2020-05-26 04:00:00,4,1,26,5,0.0,150224.64,147896.64,153293.69666666666,153627.25333333333,148864.55
2020-05-26 05:00:00,5,1,26,5,0.0,148864.55,148365.23,150694.27,153667.58291666667,148733.95
2020-05-26 06:00:00,6,1,26,5,1294.7821428571428,148733.95,148333.53,149274.38,153682.94625,148978.2
2020-05-26 07:00:00,7,1,26,5,5511.892738095237,148978.2,149384.84,148858.9,153709.8075,149768.94
2020-05-26 08:00:00,8,1,26,5,11215.93761904762,149768.94,150937.06,149160.36333333334,153725.81166666668,150648.48
2020-05-26 09:00:00,9,1,26,5,15695.64488095238,150648.48,153827.53,149798.54,153713.7875,152920.15
2020-05-26 10:00:00,10,1,26,5,16480.77357142857,152920.15,155042.41,151112.52333333335,153675.98,155225.42
2020-05-26 11:00:00,11,1,26,5,16485.300833333335,155225.42,156596.87,152931.35,153683.6054166667,156307.72
2020-05-26 12:00:00,12,1,26,5,15782.75,156307.72,157100.88,154817.76333333334,153671.5575,156987.76
2020-05-26 13:00:00,13,1,26,5,15828.074523809524,156987.76,156430.9,156173.63333333333,153666.84416666668,158017.14
2020-05-26 14:00:00,14,1,26,5,16532.46880952381,158017.14,157451.04,157104.20666666667,153732.9375,162593.48
2020-05-26 15:00:00,15,1,26,5,13778.583214285714,162593.48,158853.5,159199.46,153947.20583333334,165218.26
2020-05-26 16:00:00,16,1,26,5,9336.055476190477,165218.26,155524.89,161942.96,154212.40416666665,162673.47
2020-05-26 17:00:00,17,1,26,5,2484.548333333333,162673.47,148198.76,163495.07,154510.2616666667,153283.1
2020-05-26 18:00:00,18,1,26,5,443.9960714285714,153283.1,141746.11,160391.61,154722.10916666666,142437.95
2020-05-26 19:00:00,19,1,26,5,0.0,142437.95,148637.5,152798.17333333334,154750.93583333332,148093.42
2020-05-26 20:00:00,20,1,26,5,0.0,148093.42,153366.86,147938.15666666668,154728.26583333334,152413.24
2020-05-26 21:00:00,21,1,26,5,0.0,152413.24,156961.36,147648.20333333334,154688.53166666668,156725.03
2020-05-26 22:00:00,22,1,26,5,0.0,156725.03,161437.2,152410.56333333335,154678.68458333332,161560.51
2020-05-26 23:00:00,23,1,26,5,0.0,161560.51,161721.47,156899.59333333335,154683.8225,161594.91
2020-05-27 00:00:00,0,2,27,5,0.0,161594.91,159358.41,159960.15,154678.54916666666,159158.95
2020-05-27 01:00:00,1,2,27,5,0.0,159158.95,156662.83,160771.4566666667,154670.23833333334,155714.92
2020-05-27 02:00:00,2,2,27,5,0.0,155714.92,152993.62,158822.92666666667,154630.74208333335,152104.83
2020-05-27 03:00:00,3,2,27,5,0.0,152104.83,150224.64,155659.56666666668,154593.70916666667,149577.3
2020-05-27 04:00:00,4,2,27,5,0.0,149577.3,148864.55,152465.68333333332,154566.73666666666,148242.69
2020-05-27 05:00:00,5,2,27,5,0.0,148242.69,148733.95,149974.94,154540.82583333334,148057.1
2020-05-27 06:00:00,6,2,27,5,1097.8195238095236,148057.1,148978.2,148625.69666666666,154512.62375,148027.79
2020-05-27 07:00:00,7,2,27,5,4865.009166666667,148027.79,149768.94,148109.19333333333,154473.02333333335,148510.1
2020-05-27 08:00:00,8,2,27,5,10295.843214285716,148510.1,150648.48,148198.33,154420.57166666666,148718.02
2020-05-27 09:00:00,9,2,27,5,12533.76619047619,148718.02,152920.15,148418.6366666667,154340.13583333333,151965.37
2020-05-27 10:00:00,10,2,27,5,10472.90119047619,151965.37,155225.42,149731.16333333333,154300.35333333333,153448.39
2020-05-27 11:00:00,11,2,27,5,9569.047857142858,153448.39,156307.72,151377.26,154226.31041666667,155401.17
2020-05-27 12:00:00,12,2,27,5,10195.928333333331,155401.17,156987.76,153604.97666666668,154188.5375,156701.78
2020-05-27 13:00:00,13,2,27,5,10532.927023809523,156701.78,158017.14,155183.78,154176.62166666667,157701.33
2020-05-27 14:00:00,14,2,27,5,12082.767142857145,157701.33,162593.48,156601.42666666667,154163.46291666667,160627.93
2020-05-27 15:00:00,15,2,27,5,13311.98238095238,160627.93,165218.26,158343.67999999996,154081.565,162339.9
2020-05-27 16:00:00,16,2,27,5,9155.17488095238,162339.9,162673.47,160223.05333333332,153961.63333333333,159022.43
2020-05-27 17:00:00,17,2,27,5,3986.8025,159022.43,153283.1,160663.41999999998,153809.50666666668,149431.58
2020-05-27 18:00:00,18,2,27,5,766.5717857142857,149431.58,142437.95,156931.30333333332,153649.02666666664,138983.68
2020-05-27 19:00:00,19,2,27,5,0.0,138983.68,148093.42,149145.89666666664,153505.09875,142757.04
2020-05-27 20:00:00,20,2,27,5,0.0,142757.04,152413.24,143724.1,153282.74958333335,148114.48
2020-05-27 21:00:00,21,2,27,5,0.0,148114.48,156725.03,143285.06666666665,153103.63458333333,151388.53
2020-05-27 22:00:00,22,2,27,5,0.0,151388.53,161560.51,147420.0166666667,152881.28041666668,154518.5
2020-05-27 23:00:00,23,2,27,5,0.0,154518.5,161594.91,151340.50333333333,152587.8633333333,154059.73
2020-05-28 00:00:00,0,3,28,5,0.0,154059.73,159158.95,153322.25333333333,152273.8975,150025.72
2020-05-28 01:00:00,1,3,28,5,0.0,150025.72,155714.92,152867.98333333334,151893.34625,146503.84
2020-05-28 02:00:00,2,3,28,5,0.0,146503.84,152104.83,150196.43000000002,151509.55125,142660.63
2020-05-28 03:00:00,3,3,28,5,0.0,142660.63,149577.3,146396.73,151116.0429166667,140367.42
2020-05-28 04:00:00,4,3,28,5,0.0,140367.42,148242.69,143177.29666666666,150732.29791666666,139243.5
2020-05-28 05:00:00,5,3,28,5,0.0,139243.5,148057.1,140757.18333333335,150357.33166666667,139809.98
2020-05-28 06:00:00,6,3,28,5,1027.8890476190477,139809.98,148027.79,139806.96666666667,150013.70166666666,141083.85
2020-05-28 07:00:00,7,3,28,5,5232.764166666667,141083.85,148510.1,140045.77666666667,149724.37083333332,142478.37
2020-05-28 08:00:00,8,3,28,5,11132.23476190476,142478.37,148718.02,141124.06666666668,149473.04875,143631.79
2020-05-28 09:00:00,9,3,28,5,15561.284166666666,143631.79,151965.37,142398.00333333333,149261.1225,146214.98
2020-05-28 10:00:00,10,3,28,5,13494.116547619047,146214.98,153448.39,144108.38,149021.52291666667,147618.56
2020-05-28 11:00:00,11,3,28,5,13285.98261904762,147618.56,155401.17,145821.77666666667,148778.6133333333,149100.79
2020-05-28 12:00:00,12,3,28,5,13560.280119047618,149100.79,156701.78,147644.7766666667,148516.0975,150717.88
2020-05-28 13:00:00,13,3,28,5,8677.574047619048,150717.88,157701.33,149145.74333333332,148266.76833333334,152570.03
2020-05-28 14:00:00,14,3,28,5,11502.790805860805,152570.03,160627.93,150796.23333333334,148052.96416666667,157441.83
2020-05-28 15:00:00,15,3,28,5,14735.887261904762,157441.83,162339.9,153576.58,147920.21,158310.42
2020-05-28 16:00:00,16,3,28,5,8950.379047619048,158310.42,159022.43,156107.42666666667,147752.315,153061.98
2020-05-28 17:00:00,17,3,28,5,4020.75260989011,153061.98,149431.58,156271.41,147503.96291666667,141822.17
2020-05-28 18:00:00,18,3,28,5,753.7838095238095,141822.17,138983.68,151064.8566666667,147186.90416666667,130608.94
2020-05-28 19:00:00,19,3,28,5,0.0,130608.94,142757.04,141831.03,146837.95666666667,135951.93
2020-05-28 20:00:00,20,3,28,5,0.0,135951.93,148114.48,136127.68,146554.41041666668,140202.52
2020-05-28 21:00:00,21,3,28,5,0.0,140202.52,151388.53,135587.79666666666,146224.74541666667,142543.22
2020-05-28 22:00:00,22,3,28,5,0.0,142543.22,154518.5,139565.88999999998,145856.19083333333,144535.68
2020-05-28 23:00:00,23,3,28,5,0.0,144535.68,154059.73,142427.13999999998,145440.24000000002,143017.45
2020-05-29 00:00:00,0,4,29,5,0.0,143017.45,150025.72,143365.45,144980.145,139957.14
2020-05-29 01:00:00,1,4,29,5,0.0,139957.14,146503.84,142503.42333333334,144560.62083333335,137512.29
2020-05-29 02:00:00,2,4,29,5,0.0,137512.29,142660.63,140162.29333333333,144185.97291666668,134638.9
2020-05-29 03:00:00,3,4,29,5,0.0,134638.9,140367.42,137369.44333333333,143851.73416666666,131426.88
2020-05-29 04:00:00,4,4,29,5,0.0,131426.88,139243.5,134526.02333333335,143479.21166666667,130373.37
2020-05-29 05:00:00,5,4,29,5,0.0,130373.37,139809.98,132146.38333333333,143109.62291666667,131884.22
2020-05-29 06:00:00,6,4,29,5,1344.7996428571428,131884.22,141083.85,131228.15666666665,142779.38291666665,133714.04
2020-05-29 07:00:00,7,4,29,5,3024.977976190476,133714.04,142478.37,131990.54333333333,142472.3075,136462.34
2020-05-29 08:00:00,8,4,29,5,9804.325952380952,136462.34,143631.79,134020.19999999998,142221.6395833333,138673.42
2020-05-29 09:00:00,9,4,29,5,14577.670714285714,138673.42,146214.98,136283.2666666667,142015.04083333336,142399.01
2020-05-29 10:00:00,10,4,29,5,12154.701071428572,142399.01,147618.56,139178.25666666668,141856.04208333333,145237.14
2020-05-29 11:00:00,11,4,29,5,10815.353333333333,145237.14,149100.79,142103.19000000003,141756.81625,147535.34
2020-05-29 12:00:00,12,4,29,5,11796.138809523807,147535.34,150717.88,145057.16333333333,141691.58916666667,149050.22
2020-05-29 13:00:00,13,4,29,5,14007.577976190476,149050.22,152570.03,147274.23333333334,141622.10333333333,150148.21
2020-05-29 14:00:00,14,4,29,5,13953.909404761904,150148.21,157441.83,148911.25666666668,141521.19416666668,153855.39
2020-05-29 15:00:00,15,4,29,5,13798.209606227108,153855.39,158310.42,151017.94000000003,141371.75916666668,155293.83
2020-05-29 16:00:00,16,4,29,5,12426.552943722943,155293.83,153061.98,153099.14333333334,141246.06791666665,151989.09
2020-05-29 17:00:00,17,4,29,5,5990.476904761905,151989.09,141822.17,153712.77,141201.36416666667,141751.91
2020-05-29 18:00:00,18,4,29,5,756.2227380952381,141751.91,130608.94,149678.27666666664,141198.43666666668,133756.76
2020-05-29 19:00:00,19,4,29,5,0.0,133756.76,135951.93,142499.25333333333,141329.59583333335,139228.29
2020-05-29 20:00:00,20,4,29,5,0.0,139228.29,140202.52,138245.65333333335,141466.11083333334,141978.22
2020-05-29 21:00:00,21,4,29,5,0.0,141978.22,142543.22,138321.09,141540.09833333333,144145.32
2020-05-29 22:00:00,22,4,29,5,0.0,144145.32,144535.68,141783.94333333333,141606.8525,147659.45
2020-05-29 23:00:00,23,4,29,5,0.0,147659.45,143017.45,144594.33000000002,141737.00958333333,145856.04
2020-05-30 00:00:00,0,5,30,5,0.0,145856.04,139957.14,145886.93666666668,141855.28416666665,141987.49
2020-05-30 01:00:00,1,5,30,5,0.0,141987.49,137512.29,145167.66,141939.88208333333,138286.6
2020-05-30 02:00:00,2,5,30,5,0.0,138286.6,134638.9,142043.37666666668,141972.14500000002,133839.57
2020-05-30 03:00:00,3,5,30,5,0.0,133839.57,131426.88,138037.88666666666,141938.83958333332,131530.0
2020-05-30 04:00:00,4,5,30,5,0.0,131530.0,130373.37,134552.05666666667,141943.13625,130169.71
2020-05-30 05:00:00,5,5,30,5,0.0,130169.71,131884.22,131846.42666666667,141934.65041666667,130937.35
2020-05-30 06:00:00,6,5,30,5,553.7210714285713,130937.35,133714.04,130879.02,141895.1975,132069.51
2020-05-30 07:00:00,7,5,30,5,3483.582857142857,132069.51,136462.34,131058.85666666667,141826.67541666667,134314.12
2020-05-30 08:00:00,8,5,30,5,6357.731428571428,134314.12,138673.42,132440.32666666666,141737.16625,136295.22
2020-05-30 09:00:00,9,5,30,5,12177.505357142858,136295.22,142399.01,134226.28333333333,141638.07458333333,139828.31
2020-05-30 10:00:00,10,5,30,5,17594.898452380952,139828.31,145237.14,136812.55000000002,141530.96208333335,141598.06
2020-05-30 11:00:00,11,5,30,5,18004.016071428574,141598.06,147535.34,139240.53,141379.33375,143473.58
2020-05-30 12:00:00,12,5,30,5,17317.846904761904,143473.58,149050.22,141633.31666666668,141210.09375,146747.68
2020-05-30 13:00:00,13,5,30,5,19028.83357142857,146747.68,150148.21,143939.77333333335,141114.15458333332,147506.71
2020-05-30 14:00:00,14,5,30,5,19293.43261904762,147506.71,153855.39,145909.32333333333,141004.09208333332,151014.29
2020-05-30 15:00:00,15,5,30,5,18024.463333333333,151014.29,155293.83,148422.89333333334,140885.71291666667,151278.3
2020-05-30 16:00:00,16,5,30,5,12219.881071428572,151278.3,151989.09,149933.1,140718.39916666667,146564.45
2020-05-30 17:00:00,17,5,30,5,5529.9775,146564.45,141751.91,149619.01333333334,140492.3725,138759.78
2020-05-30 18:00:00,18,5,30,5,628.2414285714285,138759.78,133756.76,145534.17666666667,140367.70041666666,130630.69
2020-05-30 19:00:00,19,5,30,5,0.0,130630.69,139228.29,138651.64,140237.44749999998,135269.31
2020-05-30 20:00:00,20,5,30,5,0.0,135269.31,141978.22,134886.59333333335,140072.49,138025.26
2020-05-30 21:00:00,21,5,30,5,0.0,138025.26,144145.32,134641.75333333333,139907.78333333335,140185.18
2020-05-30 22:00:00,22,5,30,5,0.0,140185.18,147659.45,137826.58333333334,139742.7775,141695.81
2020-05-30 23:00:00,23,5,30,5,0.0,141695.81,145856.04,139968.75,139494.2925,140791.64
2020-05-31 00:00:00,0,6,31,5,0.0,140791.64,141987.49,140890.87666666668,139283.27583333335,137356.44
2020-05-31 01:00:00,1,6,31,5,0.0,137356.44,138286.6,139947.96333333335,139090.31541666665,133970.0
2020-05-31 02:00:00,2,6,31,5,0.0,133970.0,133839.57,137372.69333333333,138910.4570833333,129971.59
2020-05-31 03:00:00,3,6,31,5,0.0,129971.59,131530.0,133766.00999999998,138749.29125,126523.93
2020-05-31 04:00:00,4,6,31,5,0.0,126523.93,130169.71,130155.17333333332,138540.705,125091.65
2020-05-31 05:00:00,5,6,31,5,0.0,125091.65,130937.35,127195.72333333333,138329.11916666667,125612.89
2020-05-31 06:00:00,6,6,31,5,1630.9735714285714,125612.89,132069.51,125742.82333333332,138107.26666666666,126391.35
2020-05-31 07:00:00,7,6,31,5,2960.602976190476,126391.35,134314.12,125698.63,137870.67666666667,127458.57
2020-05-31 08:00:00,8,6,31,5,8580.365238095237,127458.57,136295.22,126487.60333333333,137585.02875,128912.6
2020-05-31 09:00:00,9,6,31,5,14567.11238095238,128912.6,139828.31,127587.50666666667,137277.41958333334,130807.61
2020-05-31 10:00:00,10,6,31,5,18087.15976190476,130807.61,141598.06,129059.59333333334,136901.55708333332,132037.62
2020-05-31 11:00:00,11,6,31,5,17235.20869047619,132037.62,143473.58,130585.94333333334,136503.20541666666,134192.29
2020-05-31 12:00:00,12,6,31,5,20292.192142857144,134192.29,146747.68,132345.84,136116.48500000002,136673.74
2020-05-31 13:00:00,13,6,31,5,23615.849166666667,136673.74,147506.71,134301.21666666667,135696.73750000002,138055.49
2020-05-31 14:00:00,14,6,31,5,14667.290238095238,138055.49,151014.29,136307.17333333334,135302.93666666668,137516.69
2020-05-31 15:00:00,15,6,31,5,8429.00857142857,137516.69,151278.3,137415.30666666664,134740.53666666665,135930.38
2020-05-31 16:00:00,16,6,31,5,3998.5761904761903,135930.38,146564.45,137167.52,134101.04,131125.64
2020-05-31 17:00:00,17,6,31,5,1616.9069047619048,131125.64,138759.78,134857.56999999998,133457.75625,123745.05
2020-05-31 18:00:00,18,6,31,5,410.2895238095238,123745.05,130630.69,130267.02333333336,132832.14250000002,119391.77
2020-05-31 19:00:00,19,6,31,5,0.0,119391.77,135269.31,124754.15333333334,132363.85416666666,127804.39
2020-05-31 20:00:00,20,6,31,5,0.0,127804.39,138025.26,123647.07,132052.81583333333,132345.84
2020-05-31 21:00:00,21,6,31,5,0.0,132345.84,140185.18,126514.0,131816.17333333334,135047.24
2020-05-31 22:00:00,22,6,31,5,0.0,135047.24,141695.81,131732.49,131602.0925,137594.36
2020-05-31 23:00:00,23,6,31,5,0.0,137594.36,140791.64,134995.81333333332,131431.19875,137082.49
2020-06-01 00:00:00,0,0,1,6,0.0,137082.49,137356.44,136574.69666666666,131276.65083333335,133194.93
2020-06-01 01:00:00,1,0,1,6,0.0,133194.93,133970.0,135957.25999999998,131103.25458333333,129758.85
2020-06-01 02:00:00,2,0,1,6,0.0,129758.85,129971.59,133345.42333333334,130927.79,126180.71
2020-06-01 03:00:00,3,0,1,6,0.0,126180.71,126523.93,129711.49666666666,130769.83666666667,123623.17
2020-06-01 04:00:00,4,0,1,6,0.0,123623.17,125091.65,126520.90999999999,130648.97166666666,122020.9
2020-06-01 05:00:00,5,0,1,6,0.0,122020.9,125612.89,123941.59333333334,130521.02375000001,122222.93
2020-06-01 06:00:00,6,0,1,6,1148.0761904761905,122222.93,126391.35,122622.33333333333,130379.77541666666,122339.99
2020-06-01 07:00:00,7,0,1,6,4200.414642857143,122339.99,127458.57,122194.60666666667,130210.96875,124480.66
2020-06-01 08:00:00,8,0,1,6,9036.333095238097,124480.66,128912.6,123014.52666666667,130086.88916666666,127810.83
2020-06-01 09:00:00,9,0,1,6,19355.13773809524,127810.83,130807.61,124877.15999999999,130040.98208333332,133300.48
2020-06-01 10:00:00,10,0,1,6,18444.64107142857,133300.48,132037.62,128530.65666666668,130144.85166666667,136768.04
2020-06-01 11:00:00,11,0,1,6,11393.541904761903,136768.04,134192.29,132626.44999999998,130341.9525,138995.85
2020-06-01 12:00:00,12,0,1,6,17816.001547619046,138995.85,136673.74,136354.79,130542.10083333333,140845.29
2020-06-01 13:00:00,13,0,1,6,3627.008452380953,140845.29,138055.49,138869.72666666668,130715.91541666666,141453.72
2020-06-01 14:00:00,14,0,1,6,1428.4041666666667,141453.72,137516.69,140431.62,130857.50833333335,143848.82
2020-06-01 15:00:00,15,0,1,6,1435.6307142857142,143848.82,135930.38,142049.27666666667,131121.34708333333,144589.38
2020-06-01 16:00:00,16,0,1,6,2403.205595238095,144589.38,131125.64,143297.30666666667,131482.13875,140214.58
2020-06-01 17:00:00,17,0,1,6,842.5741819291819,140214.58,123745.05,142884.26,131860.84458333332,132990.16
2020-06-01 18:00:00,18,0,1,6,0.0,132990.16,119391.77,139264.70666666667,132246.0575,128660.32
2020-06-01 19:00:00,19,0,1,6,0.0,128660.32,127804.39,133955.02,132632.24708333335,135415.71
2020-06-01 20:00:00,20,0,1,6,0.0,135415.71,132345.84,132355.39666666667,132949.38541666666,138953.17
2020-06-01 21:00:00,21,0,1,6,0.0,138953.17,135047.24,134343.06666666668,133224.69083333333,140490.28
2020-06-01 22:00:00,22,0,1,6,0.0,140490.28,137594.36,138286.38666666666,133451.48416666666,142718.24
2020-06-01 23:00:00,23,0,1,6,0.0,142718.24,137082.49,140720.56333333332,133664.97916666666,141285.23
2020-06-02 00:00:00,0,1,2,6,0.0,141285.23,133194.93,141497.91666666666,133840.09333333332,138582.6
2020-06-02 01:00:00,1,1,2,6,0.0,138582.6,129758.85,140862.02333333335,134064.57958333334,134776.91
2020-06-02 02:00:00,2,1,2,6,0.0,134776.91,126180.71,138214.91333333333,134273.66541666668,130476.68
2020-06-02 03:00:00,3,1,2,6,0.0,130476.68,123623.17,134612.06333333335,134452.66416666668,126773.14
2020-06-02 04:00:00,4,1,2,6,0.0,126773.14,122020.9,130675.57666666666,134583.91291666668,124855.5
2020-06-02 05:00:00,5,1,2,6,1.2945238095238094,124855.5,122222.93,127368.44,134702.02125,124373.0
2020-06-02 06:00:00,6,1,2,6,2389.551071428571,124373.0,122339.99,125333.88,134791.6075,124373.3
2020-06-02 07:00:00,7,1,2,6,7099.2775,124373.3,124480.66,124533.93333333333,134876.32875000002,126387.21
2020-06-02 08:00:00,8,1,2,6,11790.957738095238,126387.21,127810.83,125044.50333333334,134955.76833333334,128693.46
2020-06-02 09:00:00,9,1,2,6,13457.665238095238,128693.46,133300.48,126484.65666666666,134992.54458333334,132093.68
2020-06-02 10:00:00,10,1,2,6,14606.52,132093.68,136768.04,129058.11666666665,134942.26125,134252.97
2020-06-02 11:00:00,11,1,2,6,11545.808095238095,134252.97,138995.85,131680.03666666665,134837.46666666667,135534.88
2020-06-02 12:00:00,12,1,2,6,7887.848095238096,135534.88,140845.29,133960.51,134693.25958333333,137729.13
2020-06-02 13:00:00,13,1,2,6,14486.338095238096,137729.13,141453.72,135838.99333333332,134563.41958333334,138294.61
2020-06-02 14:00:00,14,1,2,6,15612.7675,138294.61,143848.82,137186.20666666667,134431.79,141005.72
2020-06-02 15:00:00,15,1,2,6,14565.323809523808,141005.72,144589.38,139009.81999999998,134313.32749999998,141289.4
2020-06-02 16:00:00,16,1,2,6,4469.025,141289.4,140214.58,140196.57666666666,134175.82833333334,137713.66
2020-06-02 17:00:00,17,1,2,6,7777.003214285714,137713.66,132990.16,140002.92666666667,134071.62333333332,130266.41
2020-06-02 18:00:00,18,1,2,6,1378.0215476190476,130266.41,128660.32,136423.15666666668,133958.13375,126769.76
2020-06-02 19:00:00,19,1,2,6,0.0,126769.76,135415.71,131583.27666666667,133879.36041666666,135300.05
2020-06-02 20:00:00,20,1,2,6,0.0,135300.05,138953.17,130778.73999999999,133874.54125,139393.93
2020-06-02 21:00:00,21,1,2,6,0.0,139393.93,140490.28,133821.24666666667,133892.90625,140547.68
2020-06-02 22:00:00,22,1,2,6,0.0,140547.68,142718.24,138413.88666666666,133895.29791666666,142155.58
2020-06-02 23:00:00,23,1,2,6,0.0,142155.58,141285.23,140699.06333333332,133871.85375,140252.08
2020-06-03 00:00:00,0,2,3,6,0.0,140252.08,138582.6,140985.1133333333,133828.80583333335,136459.31
2020-06-03 01:00:00,1,2,3,6,0.0,136459.31,134776.91,139622.32333333333,133740.33541666667,132946.11
2020-06-03 02:00:00,2,2,3,6,0.0,132946.11,130476.68,136552.5,133664.05208333334,129303.51
2020-06-03 03:00:00,3,2,3,6,0.0,129303.51,126773.14,132902.97666666665,133615.17,126661.78
2020-06-03 04:00:00,4,2,3,6,0.0,126661.78,124855.5,129637.13333333332,133610.53,125456.44
2020-06-03 05:00:00,5,2,3,6,0.0,125456.44,124373.0,127140.57666666666,133635.56916666668,125266.38
2020-06-03 06:00:00,6,2,3,6,1046.0341666666668,125266.38,124373.3,125794.86666666665,133672.79333333333,125639.19
2020-06-03 07:00:00,7,2,3,6,4746.829285714286,125639.19,126387.21,125454.00333333334,133725.53874999998,127069.47
2020-06-03 08:00:00,8,2,3,6,10276.199166666664,127069.47,128693.46,125991.68000000001,133753.96625,129452.89
2020-06-03 09:00:00,9,2,3,6,12244.703095238096,129452.89,132093.68,127387.18333333335,133785.60916666666,132877.91
2020-06-03 10:00:00,10,2,3,6,8686.325119047619,132877.91,134252.97,129800.09000000001,133818.28541666668,133885.38
2020-06-03 11:00:00,11,2,3,6,10986.219285714284,133885.38,135534.88,132072.06,133802.96916666665,133907.12
2020-06-03 12:00:00,12,2,3,6,9919.058571428572,133907.12,137729.13,133556.80333333334,133735.14583333334,134082.3
2020-06-03 13:00:00,13,2,3,6,9876.327261904762,134082.3,138294.61,133958.26666666666,133583.19458333333,133043.62
2020-06-03 14:00:00,14,2,3,6,13196.480158730155,133043.62,141005.72,133677.68,133364.40333333332,134901.61
2020-06-03 15:00:00,15,2,3,6,12328.895714285714,134901.61,141289.4,134009.17666666667,133110.06541666668,133862.17
2020-06-03 16:00:00,16,2,3,6,7039.320714285714,133862.17,137713.66,133935.80000000002,132800.5975,129320.58
2020-06-03 17:00:00,17,2,3,6,3781.926428571429,129320.58,130266.41,132694.78666666665,132450.88583333333,124316.7
2020-06-03 18:00:00,18,2,3,6,682.0701190476191,124316.7,126769.76,129166.48333333334,132202.98124999998,123994.93
2020-06-03 19:00:00,19,2,3,6,0.0,123994.93,135300.05,125877.40333333332,132087.36333333334,132940.63
2020-06-03 20:00:00,20,2,3,6,0.0,132940.63,139393.93,127084.08666666667,131989.05416666667,136552.8
2020-06-03 21:00:00,21,2,3,6,0.0,136552.8,140547.68,131162.78666666665,131870.67375,139015.03
2020-06-03 22:00:00,22,2,3,6,0.0,139015.03,142155.58,136169.48666666666,131806.81333333332,140647.92
2020-06-03 23:00:00,23,2,3,6,0.0,140647.92,140252.08,138738.58333333334,131743.99416666667,138286.25
2020-06-04 00:00:00,0,3,4,6,0.0,138286.25,136459.31,139316.4,131662.08458333332,134078.45
2020-06-04 01:00:00,1,3,4,6,0.0,134078.45,132946.11,137670.87333333335,131562.88208333333,130848.06
2020-06-04 02:00:00,2,3,4,6,0.0,130848.06,129303.51,134404.25333333333,131475.46333333335,127237.11
2020-06-04 03:00:00,3,3,4,6,0.0,127237.11,126661.78,130721.20666666667,131389.36333333334,124676.68
2020-06-04 04:00:00,4,3,4,6,0.0,124676.68,125456.44,127587.28333333333,131306.65083333332,123218.43
2020-06-04 05:00:00,5,3,4,6,0.0,123218.43,125266.38,125044.07333333332,131213.40041666667,122372.45
2020-06-04 06:00:00,6,3,4,6,1069.5830952380952,122372.45,125639.19,123422.52,131092.82,122992.3
2020-06-04 07:00:00,7,3,4,6,5170.1392857142855,122992.3,127069.47,122861.06,130982.53291666666,124771.52
2020-06-04 08:00:00,8,3,4,6,10611.819285714286,124771.52,129452.89,123378.75666666667,130886.78499999999,127398.72
2020-06-04 09:00:00,9,3,4,6,14191.668095238096,127398.72,132877.91,125054.18000000001,130801.19458333334,129821.56
2020-06-04 10:00:00,10,3,4,6,11227.196547619047,129821.56,133885.38,127330.60000000002,130673.84666666666,130168.14
2020-06-04 11:00:00,11,3,4,6,14859.31023809524,130168.14,133907.12,129129.47333333333,130518.96166666667,130495.62
2020-06-04 12:00:00,12,3,4,6,14938.011904761905,130495.62,134082.3,130161.77333333333,130376.81583333334,131451.78
2020-06-04 13:00:00,13,3,4,6,11177.08226190476,131451.78,133043.62,130705.18,130267.21083333333,130813.86
2020-06-04 14:00:00,14,3,4,6,9739.46261904762,130813.86,134901.61,130920.41999999998,130174.30416666668,133363.82
2020-06-04 15:00:00,15,3,4,6,10426.472023809523,133363.82,133862.17,131876.48666666666,130110.22958333335,133516.74
2020-06-04 16:00:00,16,3,4,6,7869.81619047619,133516.74,129320.58,132564.80666666667,130095.83666666667,131152.62
2020-06-04 17:00:00,17,3,4,6,4100.373095238096,131152.62,124316.7,132677.72666666665,130172.17166666665,126212.09
2020-06-04 18:00:00,18,3,4,6,816.4448809523809,126212.09,123994.93,130293.81666666665,130251.14625,126283.88
2020-06-04 19:00:00,19,3,4,6,0.0,126283.88,132940.63,127882.86333333333,130346.51916666667,133681.62
2020-06-04 20:00:00,20,3,4,6,0.0,133681.62,136552.8,128725.86333333333,130377.39375,135436.71
2020-06-04 21:00:00,21,3,4,6,0.0,135436.71,139015.03,131800.73666666666,130330.89000000001,136210.72
2020-06-04 22:00:00,22,3,4,6,0.0,136210.72,140647.92,135109.68333333332,130214.04375,136423.65
2020-06-04 23:00:00,23,3,4,6,0.0,136423.65,138286.25,136023.69333333333,130038.03249999999,132809.77
2020-06-05 00:00:00,0,4,5,6,0.0,132809.77,134078.45,135148.04666666666,129809.84583333333,128382.01
2020-06-05 01:00:00,1,4,5,6,0.0,128382.01,130848.06,132538.47666666665,129572.49416666666,124648.91
2020-06-05 02:00:00,2,4,5,6,0.0,124648.91,127237.11,128613.56333333334,129314.19624999998,120796.44
2020-06-05 03:00:00,3,4,5,6,0.0,120796.44,124676.68,124609.12,129045.835,117890.79
2020-06-05 04:00:00,4,4,5,6,0.0,117890.79,123218.43,121112.04666666668,128763.08958333335,117264.82
2020-06-05 05:00:00,5,4,5,6,0.0,117264.82,122372.45,118650.68333333335,128515.0225,118718.23
2020-06-05 06:00:00,6,4,5,6,1184.8946428571428,118718.23,122992.3,117957.94666666667,128362.76333333332,121065.85
2020-06-05 07:00:00,7,4,5,6,4655.125952380953,121065.85,124771.52,119016.3,128282.49458333333,123912.6
2020-06-05 08:00:00,8,4,5,6,12246.984285714285,123912.6,127398.72,121232.22666666667,128246.70625,126627.85
2020-06-05 09:00:00,9,4,5,6,16731.0425,126627.85,129821.56,123868.76666666668,128214.58666666666,129865.15
2020-06-05 10:00:00,10,4,5,6,14372.884166666669,129865.15,130168.14,126801.86666666665,128216.40291666669,131720.08
2020-06-05 11:00:00,11,4,5,6,12851.27642857143,131720.08,130495.62,129404.36,128281.06708333333,132262.63
2020-06-05 12:00:00,12,4,5,6,17018.981190476192,132262.63,131451.78,131282.62,128354.6925,133502.31
2020-06-05 13:00:00,13,4,5,6,10966.860238095238,133502.31,130813.86,132495.00666666668,128440.13125000002,133644.12
2020-06-05 14:00:00,14,4,5,6,9456.625119047618,133644.12,133363.82,133136.35333333333,128558.05874999998,136408.21
2020-06-05 15:00:00,15,4,5,6,10657.181547619048,136408.21,133516.74,134518.21333333335,128684.90833333333,136805.62
2020-06-05 16:00:00,16,4,5,6,9881.68976190476,136805.62,131152.62,135619.31666666665,128821.94499999999,132627.53
2020-06-05 17:00:00,17,4,5,6,6095.833452380952,132627.53,126212.09,135280.45333333334,128883.39958333333,127324.36
2020-06-05 18:00:00,18,4,5,6,715.0990476190476,127324.36,126283.88,132252.50333333333,128929.74416666666,124736.66
2020-06-05 19:00:00,19,4,5,6,0.0,124736.66,133681.62,128229.51666666666,128865.27666666666,133269.82
2020-06-05 20:00:00,20,4,5,6,0.0,133269.82,135436.71,128443.61333333333,128848.11833333333,135752.52
2020-06-05 21:00:00,21,4,5,6,0.0,135752.52,136210.72,131253.0,128861.27708333333,136919.36
2020-06-05 22:00:00,22,4,5,6,0.0,136919.36,136423.65,135313.9,128890.80375,138509.9
2020-06-05 23:00:00,23,4,5,6,0.0,138509.9,132809.77,137060.5933333333,128977.73083333333,135503.95
2020-06-06 00:00:00,0,5,6,6,0.0,135503.95,128382.01,136977.73666666666,129089.98833333334,131282.64
2020-06-06 01:00:00,1,5,6,6,0.0,131282.64,124648.91,135098.83,129210.84791666667,127779.61
2020-06-06 02:00:00,2,5,6,6,0.0,127779.61,120796.44,131522.06666666668,129341.29375000001,124534.65
2020-06-06 03:00:00,3,5,6,6,0.0,124534.65,117890.79,127865.63333333332,129497.05249999999,122235.66
2020-06-06 04:00:00,4,5,6,6,0.0,122235.66,117264.82,124849.97333333333,129678.08875,121899.34
2020-06-06 05:00:00,5,5,6,6,0.0,121899.34,118718.23,122889.88333333332,129871.19374999999,123093.52
2020-06-06 06:00:00,6,5,6,6,1686.9690476190476,123093.52,121065.85,122409.50666666665,130053.4975,123911.96
2020-06-06 07:00:00,7,5,6,6,3240.4716666666664,123911.96,123912.6,122968.27333333333,130172.08541666665,126728.71
2020-06-06 08:00:00,8,5,6,6,13128.695476190474,126728.71,126627.85,124578.06333333331,130289.42333333332,131372.06
2020-06-06 09:00:00,9,5,6,6,14623.559523809525,131372.06,129865.15,127337.57666666666,130487.09875,133946.4
2020-06-06 10:00:00,10,5,6,6,15727.346071428572,133946.4,131720.08,130682.38999999997,130657.15083333332,132526.78
2020-06-06 11:00:00,11,5,6,6,13610.090714285714,132526.78,132262.63,132615.08,130690.76333333335,133189.0
2020-06-06 12:00:00,12,5,6,6,14272.73011904762,133189.0,133502.31,133220.72666666665,130729.36208333333,135078.31
2020-06-06 13:00:00,13,5,6,6,11647.906547619048,135078.31,133644.12,133598.03,130795.02875,135551.73
2020-06-06 14:00:00,14,5,6,6,8156.910714285714,135551.73,136408.21,134606.34666666665,130874.51250000001,138700.31
2020-06-06 15:00:00,15,5,6,6,12606.284404761906,138700.31,136805.62,136443.44999999998,130970.01666666668,138939.13
2020-06-06 16:00:00,16,5,6,6,13121.59154761905,138939.13,132627.53,137730.39,131058.91291666667,136321.25
2020-06-06 17:00:00,17,5,6,6,5965.033690476191,136321.25,127324.36,137986.89666666664,131212.81791666665,130814.67
2020-06-06 18:00:00,18,5,6,6,995.3748809523807,130814.67,124736.66,135358.35,131358.2475,128373.69
2020-06-06 19:00:00,19,5,6,6,0.0,128373.69,133269.82,131836.53666666665,131509.79041666668,138037.25
2020-06-06 20:00:00,20,5,6,6,0.0,138037.25,135752.52,132408.53666666665,131708.43333333332,141284.12
2020-06-06 21:00:00,21,5,6,6,0.0,141284.12,136919.36,135898.35333333333,131938.91666666666,143436.88
2020-06-06 22:00:00,22,5,6,6,0.0,143436.88,138509.9,140919.41666666666,132210.48,145387.76
2020-06-06 23:00:00,23,5,6,6,0.0,145387.76,135503.95,143369.58666666667,132497.05750000002,143256.54
2020-06-07 00:00:00,0,6,7,6,0.0,143256.54,131282.64,144027.06000000003,132820.08208333334,139719.39
2020-06-07 01:00:00,1,6,7,6,0.0,139719.39,127779.61,142787.8966666667,133171.6133333333,136506.81
2020-06-07 02:00:00,2,6,7,6,0.0,136506.81,124534.65,139827.58,133535.24666666667,133286.27
2020-06-07 03:00:00,3,6,7,6,0.0,133286.27,122235.66,136504.15666666665,133899.8975,130227.24
2020-06-07 04:00:00,4,6,7,6,0.0,130227.24,121899.34,133340.10666666666,134232.88,128912.6
2020-06-07 05:00:00,5,6,7,6,0.0,128912.6,123093.52,130808.70333333335,134525.09916666665,128662.98
2020-06-07 06:00:00,6,6,7,6,1060.6167857142857,128662.98,123911.96,129267.60666666667,134757.16,127802.64
2020-06-07 07:00:00,7,6,7,6,4137.705952380952,127802.64,126728.71,128459.40666666668,134919.27166666667,128639.52
2020-06-07 08:00:00,8,6,7,6,10858.947857142855,128639.52,131372.06,128368.38,134998.88875,129421.16
2020-06-07 09:00:00,9,6,7,6,11955.697976190477,129421.16,133946.4,128621.10666666667,134917.60125,130800.53
2020-06-07 10:00:00,10,6,7,6,13046.897261904762,130800.53,132526.78,129620.40333333332,134786.52333333335,130535.08
2020-06-07 11:00:00,11,6,7,6,12239.056666666667,130535.08,133189.0,130252.25666666667,134703.53583333333,130585.24
2020-06-07 12:00:00,12,6,7,6,14042.617023809524,130585.24,135078.31,130640.28333333333,134595.04583333334,131285.46
2020-06-07 13:00:00,13,6,7,6,12358.40738095238,131285.46,135551.73,130801.92666666668,134437.01041666666,130880.1
2020-06-07 14:00:00,14,6,7,6,14856.967857142858,130880.1,138700.31,130916.93333333333,134242.35916666666,131409.08
2020-06-07 15:00:00,15,6,7,6,7569.072142857142,131409.08,138939.13,131191.54666666666,133938.55791666664,130407.11
2020-06-07 16:00:00,16,6,7,6,7020.352023809523,130407.11,136321.25,130898.76333333335,133583.05708333335,127789.73
2020-06-07 17:00:00,17,6,7,6,5508.125714285714,127789.73,130814.67,129868.64,133227.57708333334,122863.97
2020-06-07 18:00:00,18,6,7,6,977.737619047619,122863.97,128373.69,127020.27,132896.29791666666,123455.68
2020-06-07 19:00:00,19,6,7,6,0.0,123455.68,138037.25,124703.12666666666,132691.38083333333,133056.95
2020-06-07 20:00:00,20,6,7,6,0.0,133056.95,141284.12,126458.86666666665,132483.86833333332,137960.38
2020-06-07 21:00:00,21,6,7,6,0.0,137960.38,143436.88,131491.00333333333,132345.37916666668,140426.06
2020-06-07 22:00:00,22,6,7,6,0.0,140426.06,145387.76,137147.79666666666,132219.92833333334,143042.92
2020-06-07 23:00:00,23,6,7,6,0.0,143042.92,143256.54,140476.45333333334,132122.22666666665,141016.83
2020-06-08 00:00:00,0,0,8,6,0.0,141016.83,139719.39,141495.27,132028.90541666668,138309.68
2020-06-08 01:00:00,1,0,8,6,0.0,138309.68,136506.81,140789.81,131970.1675,134631.52
2020-06-08 02:00:00,2,0,8,6,0.0,134631.52,133286.27,137986.01,131892.03041666668,131070.13
2020-06-08 03:00:00,3,0,8,6,0.0,131070.13,130227.24,134670.44333333333,131799.69125,128262.47
2020-06-08 04:00:00,4,0,8,6,0.0,128262.47,128912.6,131321.37333333332,131717.82583333334,127488.44
2020-06-08 05:00:00,5,0,8,6,0.0,127488.44,128662.98,128940.34666666668,131658.48583333334,128496.45
2020-06-08 06:00:00,6,0,8,6,1621.2120238095238,128496.45,127802.64,128082.45333333332,131651.54708333334,129671.08
2020-06-08 07:00:00,7,0,8,6,7261.680952380952,129671.08,128639.52,128551.98999999999,131729.39875000002,133351.0
2020-06-08 08:00:00,8,0,8,6,11966.27988095238,133351.0,129421.16,130506.17666666668,131925.71041666667,137912.31
2020-06-08 09:00:00,9,0,8,6,14890.556254578754,137912.31,130800.53,133644.79666666666,132279.50833333333,143269.91
2020-06-08 10:00:00,10,0,8,6,14516.451309523807,143269.91,130535.08,138177.74000000002,132799.06583333333,145120.5
2020-06-08 11:00:00,11,0,8,6,15130.784166666668,145120.5,130585.24,142100.90666666665,133406.79166666666,145031.09
2020-06-08 12:00:00,12,0,8,6,15017.033095238095,145031.09,131285.46,144473.83333333334,134008.7020833333,145913.15
2020-06-08 13:00:00,13,0,8,6,13225.734642857144,145913.15,130880.1,145354.91333333333,134618.18916666668,146261.62
2020-06-08 14:00:00,14,0,8,6,16785.644642857143,146261.62,131409.08,145735.28666666665,135259.08583333332,147875.15
2020-06-08 15:00:00,15,0,8,6,18062.06142857143,147875.15,130407.11,146683.30666666667,135945.17208333334,148482.2
2020-06-08 16:00:00,16,0,8,6,11728.440476190475,148482.2,127789.73,147539.65666666665,136698.3008333333,146271.25
2020-06-08 17:00:00,17,0,8,6,5982.163095238096,146271.25,122863.97,147542.86666666667,137468.36416666667,139584.21
2020-06-08 18:00:00,18,0,8,6,1473.1136904761904,139584.21,123455.68,144779.22,138165.04083333333,136018.91
2020-06-08 19:00:00,19,0,8,6,0.0,136018.91,133056.95,140624.79,138688.50875,144288.34
2020-06-08 20:00:00,20,0,8,6,0.0,144288.34,137960.38,139963.81999999998,139156.4833333333,147912.27
2020-06-08 21:00:00,21,0,8,6,0.0,147912.27,140426.06,142739.84,139571.14541666667,150728.13
2020-06-08 22:00:00,22,0,8,6,0.0,150728.13,143042.92,147642.91333333333,140000.39833333332,152222.66
2020-06-08 23:00:00,23,0,8,6,0.0,152222.66,141016.83,150287.68666666668,140382.88749999998,150845.44
2020-06-09 00:00:00,0,1,9,6,0.0,150845.44,138309.68,151265.41,140792.41291666665,147941.86
2020-06-09 01:00:00,1,1,9,6,0.0,147941.86,134631.52,150336.65333333332,141193.75375,144879.67
2020-06-09 02:00:00,2,1,9,6,0.0,144879.67,131070.13,147888.99,141620.76,142072.71
2020-06-09 03:00:00,3,1,9,6,0.0,142072.71,128262.47,144964.74666666667,142079.20083333334,139766.76
2020-06-09 04:00:00,4,1,9,6,0.0,139766.76,127488.44,142239.71333333335,142558.54624999998,139296.11
2020-06-09 05:00:00,5,1,9,6,0.0,139296.11,128496.45,140378.52666666664,143050.5325,139060.02
2020-06-09 06:00:00,6,1,9,6,1420.4280952380952,139060.02,129671.08,139374.29666666666,143490.68125,139758.53
2020-06-09 07:00:00,7,1,9,6,9048.017023809523,139758.53,133351.0,139371.55333333332,143910.99166666667,141742.25
2020-06-09 08:00:00,8,1,9,6,13396.025714285714,141742.25,137912.31,140186.93333333332,144260.62708333333,145535.52
2020-06-09 09:00:00,9,1,9,6,15290.431666666667,145535.52,143269.91,142345.43333333335,144578.26083333333,149271.02
2020-06-09 10:00:00,10,1,9,6,14136.624404761904,149271.02,145120.5,145516.26333333334,144828.30708333335,150391.76
2020-06-09 11:00:00,11,1,9,6,12168.76630952381,150391.76,145031.09,148399.43333333332,145047.94291666665,151546.09
2020-06-09 12:00:00,12,1,9,6,12717.584761904762,151546.09,145913.15,150402.95666666667,145319.40125000002,152421.6
2020-06-09 13:00:00,13,1,9,6,12001.905119047618,152421.6,146261.62,151453.15,145590.58666666664,153462.15
2020-06-09 14:00:00,14,1,9,6,13275.500595238094,153462.15,147875.15,152476.6133333333,145890.60875,155804.28
2020-06-09 15:00:00,15,1,9,6,14519.723333333332,155804.28,148482.2,153896.01,146220.98916666667,155464.45
2020-06-09 16:00:00,16,1,9,6,12351.345714285717,155464.45,146271.25,154910.29333333333,146511.91625,150979.44
2020-06-09 17:00:00,17,1,9,6,4344.509523809524,150979.44,139584.21,154082.72333333333,146708.09083333335,143678.72
2020-06-09 18:00:00,18,1,9,6,807.5465476190476,143678.72,136018.91,150040.87,146878.69541666665,141284.83
2020-06-09 19:00:00,19,1,9,6,0.0,141284.83,144288.34,145314.33,147098.10874999998,149678.11
2020-06-09 20:00:00,20,1,9,6,0.0,149678.11,147912.27,144880.55333333332,147322.6825,153104.93
2020-06-09 21:00:00,21,1,9,6,0.0,153104.93,150728.13,148022.62333333332,147539.04333333333,155112.36
2020-06-09 22:00:00,22,1,9,6,0.0,155112.36,152222.66,152631.8,147721.71958333332,157058.67
2020-06-09 23:00:00,23,1,9,6,0.0,157058.67,150845.44,155091.98666666666,147923.22,155586.04
2020-06-10 00:00:00,0,2,10,6,0.0,155586.04,147941.86,155919.02333333335,148120.745,153203.7
2020-06-10 01:00:00,1,2,10,6,0.0,153203.7,144879.67,155282.80333333334,148339.9883333333,149964.7
2020-06-10 02:00:00,2,2,10,6,0.0,149964.7,142072.71,152918.14666666667,148551.86458333334,146554.45
2020-06-10 03:00:00,3,2,10,6,0.0,146554.45,139766.76,149907.61666666667,148738.60374999998,144465.24
2020-06-10 04:00:00,4,2,10,6,0.0,144465.24,139296.11,146994.79666666666,148934.37375,143591.66
2020-06-10 05:00:00,5,2,10,6,0.0,143591.66,139060.02,144870.44999999998,149113.355,143410.87
2020-06-10 06:00:00,6,2,10,6,803.9541666666667,143410.87,139758.53,143822.59,149294.64041666666,144228.24
2020-06-10 07:00:00,7,2,10,6,3329.752857142857,144228.24,141742.25,143743.59,149480.87833333333,145860.03
2020-06-10 08:00:00,8,2,10,6,11593.880714285717,145860.03,145535.52,144499.71333333332,149652.45249999998,148643.98
2020-06-10 09:00:00,9,2,10,6,13983.386071428573,148643.98,149271.02,146244.08333333334,149781.97166666665,153103.05
2020-06-10 10:00:00,10,2,10,6,15223.930714285714,153103.05,150391.76,149202.35333333336,149941.63958333334,155163.55
2020-06-10 11:00:00,11,2,10,6,5190.610595238095,155163.55,151546.09,152303.52666666664,150140.46416666667,156877.7
2020-06-10 12:00:00,12,2,10,6,13710.692261904762,156877.7,152421.6,155048.1,150362.61458333334,157933.77
2020-06-10 13:00:00,13,2,10,6,11415.720357142858,157933.77,153462.15,156658.34,150592.28833333333,158236.58
2020-06-10 14:00:00,14,2,10,6,6201.667976190476,158236.58,155804.28,157682.68333333332,150791.22291666665,159786.45
2020-06-10 15:00:00,15,2,10,6,6026.140357142857,159786.45,155464.45,158652.2666666667,150957.14666666667,159074.3
2020-06-10 16:00:00,16,2,10,6,7965.96380952381,159074.3,150979.44,159032.44333333333,151107.55708333332,153342.59
2020-06-10 17:00:00,17,2,10,6,781.0375865800866,153342.59,143678.72,157401.11333333334,151206.02166666667,143243.43
2020-06-10 18:00:00,18,2,10,6,44.865,143243.43,141284.83,151886.77333333335,151187.88458333333,138317.44
2020-06-10 19:00:00,19,2,10,6,0.0,138317.44,149678.11,144967.82,151064.24333333332,146254.44
2020-06-10 20:00:00,20,2,10,6,0.0,146254.44,153104.93,142605.10333333333,150921.59041666667,149847.3
2020-06-10 21:00:00,21,2,10,6,0.0,149847.3,155112.36,144806.39333333334,150785.85583333333,153226.41
2020-06-10 22:00:00,22,2,10,6,0.0,153226.41,157058.67,149776.05000000002,150707.27458333335,154358.23
2020-06-10 23:00:00,23,2,10,6,0.0,154358.23,155586.04,152477.31333333332,150594.75625,152801.0
2020-06-11 00:00:00,0,3,11,6,0.0,152801.0,153203.7,153461.88,150478.71291666667,149187.51
2020-06-11 01:00:00,1,3,11,6,0.0,149187.51,149964.7,152115.58,150311.37166666667,145790.66
2020-06-11 02:00:00,2,3,11,6,0.0,145790.66,146554.45,149259.72333333336,150137.45333333334,142608.23
2020-06-11 03:00:00,3,3,11,6,0.0,142608.23,144465.24,145862.13333333333,149973.0275,139967.36
2020-06-11 04:00:00,4,3,11,6,0.0,139967.36,143591.66,142788.75,149785.61583333332,139532.36
2020-06-11 05:00:00,5,3,11,6,0.0,139532.36,143410.87,140702.65,149616.47833333333,138714.97
2020-06-11 06:00:00,6,3,11,6,367.9713095238095,138714.97,144228.24,139404.89666666664,149420.81583333333,138674.15
2020-06-11 07:00:00,7,3,11,6,2674.8191666666667,138674.15,145860.03,138973.82666666666,149189.39541666667,140786.13
2020-06-11 08:00:00,8,3,11,6,4647.105833333333,140786.13,148643.98,139391.75,148977.98291666666,144076.17
2020-06-11 09:00:00,9,3,11,6,8801.702857142856,144076.17,153103.05,141178.81666666668,148787.6575,148320.56
2020-06-11 10:00:00,10,3,11,6,10854.567023809524,148320.56,155163.55,144394.28666666665,148588.3870833333,150126.38
2020-06-11 11:00:00,11,3,11,6,14306.992142857143,150126.38,156877.7,147507.70333333334,148378.505,151353.88
2020-06-11 12:00:00,12,3,11,6,6109.242564102564,151353.88,157933.77,149933.60666666666,148148.34583333333,151594.71
2020-06-11 13:00:00,13,3,11,6,11569.175595238095,151594.71,158236.58,151024.99000000002,147884.21833333335,152065.77
2020-06-11 14:00:00,14,3,11,6,8669.365952380951,152065.77,159786.45,151671.45333333334,147627.10125,153721.22
2020-06-11 15:00:00,15,3,11,6,9270.996547619048,153721.22,159074.3,152460.56666666665,147374.38333333333,152556.44
2020-06-11 16:00:00,16,3,11,6,4069.519523809524,152556.44,153342.59,152781.14333333334,147102.80583333335,149866.36
2020-06-11 17:00:00,17,3,11,6,2017.7342857142855,149866.36,143243.43,152048.00666666668,146957.96291666667,144389.13
2020-06-11 18:00:00,18,3,11,6,602.7627380952381,144389.13,138317.44,148937.31,147005.70041666666,140542.63
2020-06-11 19:00:00,19,3,11,6,0.0,140542.63,146254.44,144932.70666666667,147098.41666666666,149250.42
2020-06-11 20:00:00,20,3,11,6,0.0,149250.42,149847.3,144727.39333333334,147223.24916666668,154121.54
2020-06-11 21:00:00,21,3,11,6,0.0,154121.54,153226.41,147971.53,147401.3425,155909.21
2020-06-11 22:00:00,22,3,11,6,0.0,155909.21,154358.23,153093.72333333336,147513.12583333332,157015.68
2020-06-11 23:00:00,23,3,11,6,0.0,157015.68,152801.0,155682.1433333333,147623.85291666666,154038.01
2020-06-12 00:00:00,0,4,12,6,0.0,154038.01,149187.51,155654.30000000002,147675.395,150580.84
2020-06-12 01:00:00,1,4,12,6,0.0,150580.84,145790.66,153878.17666666667,147733.45041666666,147343.59
2020-06-12 02:00:00,2,4,12,6,0.0,147343.59,142608.23,150654.14666666664,147798.15583333332,144296.45
2020-06-12 03:00:00,3,4,12,6,0.0,144296.45,139967.36,147406.96,147868.49833333332,141424.71
2020-06-12 04:00:00,4,4,12,6,0.0,141424.71,139532.36,144354.91666666666,147929.22125,140360.18
2020-06-12 05:00:00,5,4,12,6,0.0,140360.18,138714.97,142027.11333333334,147963.71375000002,139145.92
2020-06-12 06:00:00,6,4,12,6,873.2069047619048,139145.92,138674.15,140310.27000000002,147981.67,140044.57
2020-06-12 07:00:00,7,4,12,6,4065.953214285714,140044.57,140786.13,139850.22333333336,148038.77083333334,142951.78
2020-06-12 08:00:00,8,4,12,6,5239.762023809524,142951.78,144076.17,140714.09,148129.00625,146356.67
2020-06-12 09:00:00,9,4,12,6,10115.701309523807,146356.67,148320.56,143117.67333333334,148224.02708333332,149254.44
2020-06-12 10:00:00,10,4,12,6,6338.714523809524,149254.44,150126.38,146187.63,148262.93875,150078.5
2020-06-12 11:00:00,11,4,12,6,14232.81761904762,150078.5,151353.88,148563.20333333334,148260.94375,151019.21
2020-06-12 12:00:00,12,4,12,6,12399.555238095238,151019.21,151594.71,150117.38333333333,148246.99916666668,151642.54
2020-06-12 13:00:00,13,4,12,6,9817.835,151642.54,152065.77,150913.41666666666,148248.99208333335,151126.31
2020-06-12 14:00:00,14,4,12,6,12759.155119047618,151126.31,153721.22,151262.68666666665,148209.84791666668,152754.55
2020-06-12 15:00:00,15,4,12,6,13257.104880952382,152754.55,152556.44,151841.13333333333,148169.56999999998,152353.4
2020-06-12 16:00:00,16,4,12,6,6407.215595238095,152353.4,149866.36,152078.08666666664,148161.11,149177.14
2020-06-12 17:00:00,17,4,12,6,4188.044761904762,149177.14,144389.13,151428.3633333333,148132.3925,142645.4
2020-06-12 18:00:00,18,4,12,6,1031.188571428571,142645.4,140542.63,148058.6466666667,148059.73708333334,140502.9
2020-06-12 19:00:00,19,4,12,6,0.0,140502.9,149250.42,144108.48,148058.08166666667,148966.69
2020-06-12 20:00:00,20,4,12,6,0.0,148966.69,154121.54,144038.33,148046.25958333333,154139.41
2020-06-12 21:00:00,21,4,12,6,0.0,154139.41,155909.21,147869.66666666666,148047.00416666668,155631.45
2020-06-12 22:00:00,22,4,12,6,0.0,155631.45,157015.68,152912.5166666667,148035.43083333332,155865.18
2020-06-12 23:00:00,23,4,12,6,0.0,155865.18,154038.01,155212.01333333334,147987.49333333335,153349.99
2020-06-13 00:00:00,0,5,13,6,0.0,153349.99,150580.84,154948.87333333332,147958.82583333334,150024.92
2020-06-13 01:00:00,1,5,13,6,0.0,150024.92,147343.59,153080.03,147935.6625,146486.3
2020-06-13 02:00:00,2,5,13,6,0.0,146486.3,144296.45,149953.73666666666,147899.94208333336,143380.4
2020-06-13 03:00:00,3,5,13,6,0.0,143380.4,141424.71,146630.54,147861.77333333335,140554.65
2020-06-13 04:00:00,4,5,13,6,0.0,140554.65,140360.18,143473.78333333333,147825.52083333334,139783.58
2020-06-13 05:00:00,5,5,13,6,0.0,139783.58,139145.92,141239.54333333333,147801.49583333332,138909.73
2020-06-13 06:00:00,6,5,13,6,1208.1483333333333,138909.73,140044.57,139749.31999999998,147791.65458333332,138206.94
2020-06-13 07:00:00,7,5,13,6,5360.836071428571,138206.94,142951.78,138966.75,147715.08666666667,140236.48
2020-06-13 08:00:00,8,5,13,6,9294.026309523808,140236.48,146356.67,139117.71666666667,147601.94916666666,142555.18
2020-06-13 09:00:00,9,5,13,6,10177.835833333333,142555.18,149254.44,140332.86666666667,147443.55375,145192.58
2020-06-13 10:00:00,10,5,13,6,6591.455595238095,145192.58,150078.5,142661.41333333333,147274.30958333332,145659.66
2020-06-13 11:00:00,11,5,13,6,9780.185476190476,145659.66,151019.21,144469.14,147090.19125,145847.88
2020-06-13 12:00:00,12,5,13,6,13343.481547619049,145847.88,151642.54,145566.70666666667,146874.71916666665,147044.19
2020-06-13 13:00:00,13,5,13,6,11047.267261904764,147044.19,151126.31,146183.91,146683.12125,146353.66
2020-06-13 14:00:00,14,5,13,6,12723.982142857143,146353.66,152754.55,146415.24333333332,146484.26083333333,147709.8
2020-06-13 15:00:00,15,5,13,6,14329.289047619048,147709.8,152353.4,147035.88333333333,146274.06291666668,147705.64
2020-06-13 16:00:00,16,5,13,6,10392.835952380952,147705.64,149177.14,147256.36666666667,146080.40625,145324.05
2020-06-13 17:00:00,17,5,13,6,5943.333928571428,145324.05,142645.4,146913.16333333333,145919.86083333334,139787.73
2020-06-13 18:00:00,18,5,13,6,1184.2635714285714,139787.73,140502.9,144272.47333333336,145800.79125,138560.9
2020-06-13 19:00:00,19,5,13,6,0.0,138560.9,148966.69,141224.22666666665,145719.87458333332,148669.06
2020-06-13 20:00:00,20,5,13,6,0.0,148669.06,154139.41,142339.23,145707.47333333333,154374.57
2020-06-13 21:00:00,21,5,13,6,0.0,154374.57,155631.45,147201.50999999998,145717.27166666667,155863.85
2020-06-13 22:00:00,22,5,13,6,0.0,155863.85,155865.18,152969.16,145726.955,156683.25
2020-06-13 23:00:00,23,5,13,6,0.0,156683.25,153349.99,155640.55666666667,145761.04124999998,154255.87
2020-06-14 00:00:00,0,6,14,6,0.0,154255.87,150024.92,155600.99,145798.78625,150208.89
2020-06-14 01:00:00,1,6,14,6,0.0,150208.89,146486.3,153716.00333333333,145806.4516666667,146595.54
2020-06-14 02:00:00,2,6,14,6,0.0,146595.54,143380.4,150353.43333333335,145811.00333333333,142698.29
2020-06-14 03:00:00,3,6,14,6,0.0,142698.29,140554.65,146500.9066666667,145782.5820833333,140279.93
2020-06-14 04:00:00,4,6,14,6,0.0,140279.93,139783.58,143191.25333333333,145771.13541666666,139459.85
2020-06-14 05:00:00,5,6,14,6,0.0,139459.85,138909.73,140812.69,145757.64666666667,138655.06
2020-06-14 06:00:00,6,6,14,6,1706.0813095238095,138655.06,138206.94,139464.94666666668,145747.03541666668,136333.69
2020-06-14 07:00:00,7,6,14,6,7302.563571428571,136333.69,140236.48,138149.53333333335,145668.98333333334,135952.11
2020-06-14 08:00:00,8,6,14,6,9643.02988095238,135952.11,142555.18,136980.28666666665,145490.46791666668,137813.55
2020-06-14 09:00:00,9,6,14,6,11956.565833333334,137813.55,145192.58,136699.78333333333,145292.9,139447.41
2020-06-14 10:00:00,10,6,14,6,12717.70369047619,139447.41,145659.66,137737.68999999997,145053.51791666666,139716.44
2020-06-14 11:00:00,11,6,14,6,13152.4175,139716.44,145847.88,138992.46666666667,144805.88375,139268.58
2020-06-14 12:00:00,12,6,14,6,15085.966666666667,139268.58,147044.19,139477.47666666665,144531.74625,139868.56
2020-06-14 13:00:00,13,6,14,6,13589.055714285714,139868.56,146353.66,139617.86000000002,144232.76166666666,140526.59
2020-06-14 14:00:00,14,6,14,6,12966.025952380953,140526.59,147709.8,139887.91,143989.96708333332,142039.81
2020-06-14 15:00:00,15,6,14,6,12149.391428571427,142039.81,147705.64,140811.65333333332,143753.7175,142495.81
2020-06-14 16:00:00,16,6,14,6,8173.53119047619,142495.81,145324.05,141687.40333333332,143536.64125000002,139875.69
2020-06-14 17:00:00,17,6,14,6,4343.863095238095,139875.69,139787.73,141470.43666666668,143309.62625,134747.16
2020-06-14 18:00:00,18,6,14,6,982.1799999999998,134747.16,138560.9,139039.55333333332,143099.6025,134571.88
2020-06-14 19:00:00,19,6,14,6,0.0,134571.88,148669.06,136398.24333333332,142933.39333333334,146089.31
2020-06-14 20:00:00,20,6,14,6,0.0,146089.31,154374.57,138469.45,142825.90375,151858.36
2020-06-14 21:00:00,21,6,14,6,0.0,151858.36,155863.85,144173.18333333332,142721.06166666668,153346.33
2020-06-14 22:00:00,22,6,14,6,0.0,153346.33,156683.25,150431.33333333334,142616.165,155356.99
2020-06-14 23:00:00,23,6,14,6,0.0,155356.99,154255.87,153520.55999999997,142560.90416666667,153356.15
2020-06-15 00:00:00,0,0,15,6,0.0,153356.15,150208.89,154019.82333333333,142523.41583333333,150228.1
2020-06-15 01:00:00,1,0,15,6,0.0,150228.1,146595.54,152980.41333333333,142524.21625,146217.17
2020-06-15 02:00:00,2,0,15,6,0.0,146217.17,142698.29,149933.80666666667,142508.45083333334,142262.74
2020-06-15 03:00:00,3,0,15,6,0.0,142262.74,140279.93,146236.00333333333,142490.30291666667,139186.56
2020-06-15 04:00:00,4,0,15,6,0.0,139186.56,139459.85,142555.49000000002,142444.74583333332,138384.77
2020-06-15 05:00:00,5,0,15,6,0.0,138384.77,138655.06,139944.68999999997,142399.95083333334,138916.28
2020-06-15 06:00:00,6,0,15,6,1350.4188095238096,138916.28,136333.69,138829.20333333334,142410.835,138035.65
2020-06-15 07:00:00,7,0,15,6,5866.0388095238095,138035.65,135952.11,138445.56666666665,142481.75,139713.15
2020-06-15 08:00:00,8,0,15,6,12957.181071428571,139713.15,137813.55,138888.36,142638.46,143843.99
2020-06-15 09:00:00,9,0,15,6,9538.62357142857,143843.99,139447.41,140530.93,142889.72833333333,148937.12
2020-06-15 10:00:00,10,0,15,6,11085.936666666666,148937.12,139716.44,144164.75333333333,143285.13291666665,151770.22
2020-06-15 11:00:00,11,0,15,6,8803.685952380953,151770.22,139268.58,148183.77666666664,143787.37375,152805.64
2020-06-15 12:00:00,12,0,15,6,9754.252857142856,152805.64,139868.56,151170.99333333332,144351.41791666666,153324.0
2020-06-15 13:00:00,13,0,15,6,8775.130000000001,153324.0,140526.59,152633.28666666665,144912.06125,152092.21
2020-06-15 14:00:00,14,0,15,6,10746.996190476191,152092.21,142039.81,152740.61666666667,145393.96208333332,154254.84
2020-06-15 15:00:00,15,0,15,6,9453.716428571428,154254.84,142495.81,153223.68333333332,145902.92166666666,155133.14
2020-06-15 16:00:00,16,0,15,6,7875.884880952381,155133.14,139875.69,153826.72999999998,146429.47708333333,153655.87
2020-06-15 17:00:00,17,0,15,6,3328.6255952380952,153655.87,134747.16,154347.94999999998,147003.65125,147455.24
2020-06-15 18:00:00,18,0,15,6,1044.040238095238,147455.24,134571.88,152081.41666666666,147533.15458333332,145538.89
2020-06-15 19:00:00,19,0,15,6,0.0,145538.89,146089.31,148883.33333333334,147990.11333333334,153537.7
2020-06-15 20:00:00,20,0,15,6,0.0,153537.7,151858.36,148843.94333333336,148300.46291666667,157643.84
2020-06-15 21:00:00,21,0,15,6,0.0,157643.84,153346.33,152240.14333333334,148541.52458333332,159229.46
2020-06-15 22:00:00,22,0,15,6,0.0,159229.46,155356.99,156803.66666666666,148786.655,160219.39
2020-06-15 23:00:00,23,0,15,6,0.0,160219.39,153356.15,159030.89666666664,148989.25499999998,157776.38
2020-06-16 00:00:00,0,1,16,6,0.0,157776.38,150228.1,159075.07666666666,149173.43125,154039.47
2020-06-16 01:00:00,1,1,16,6,0.0,154039.47,146217.17,157345.08000000002,149332.2383333333,149832.63
2020-06-16 02:00:00,2,1,16,6,0.0,149832.63,142262.74,153882.82666666666,149482.88249999998,145587.44
2020-06-16 03:00:00,3,1,16,6,0.0,145587.44,139186.56,149819.84666666665,149621.41166666665,142564.13
2020-06-16 04:00:00,4,1,16,6,0.0,142564.13,138384.77,145994.73333333334,149762.14375000002,141719.37
2020-06-16 05:00:00,5,1,16,6,0.0,141719.37,138916.28,143290.31333333332,149901.08541666667,142027.07
2020-06-16 06:00:00,6,1,16,6,1242.6992857142857,142027.07,138035.65,142103.52333333335,150030.70166666666,142108.97
2020-06-16 07:00:00,7,1,16,6,4863.556190476191,142108.97,139713.15,141951.80333333334,150200.4233333333,142922.4
2020-06-16 08:00:00,8,1,16,6,9740.59119047619,142922.4,143843.99,142352.81333333332,150334.14208333334,146288.68
2020-06-16 09:00:00,9,1,16,6,11670.16761904762,146288.68,148937.12,143773.35,150436.00416666668,150826.73
2020-06-16 10:00:00,10,1,16,6,15205.822738095238,150826.73,151770.22,146679.27,150514.73791666667,152944.95
2020-06-16 11:00:00,11,1,16,6,16819.03869047619,152944.95,152805.64,150020.12,150563.685,153716.79
2020-06-16 12:00:00,12,1,16,6,15056.401666666668,153716.79,153324.0,152496.15666666668,150601.64958333335,154261.42
2020-06-16 13:00:00,13,1,16,6,15500.392976190476,154261.42,152092.21,153641.05333333334,150640.70875000002,154353.55
2020-06-16 14:00:00,14,1,16,6,7806.854285714286,154353.55,154254.84,154110.58666666667,150734.93125,156050.16
2020-06-16 15:00:00,15,1,16,6,11952.617023809524,156050.16,155133.14,154888.37666666668,150809.73625,156831.91
2020-06-16 16:00:00,16,1,16,6,5522.155595238095,156831.91,153655.87,155745.20666666667,150880.51833333334,153658.3
2020-06-16 17:00:00,17,1,16,6,1939.3172619047616,153658.3,147455.24,155513.45666666667,150880.61958333335,147775.16
2020-06-16 18:00:00,18,1,16,6,387.9922619047619,147775.16,145538.89,152755.12333333332,150893.94958333333,144995.47
2020-06-16 19:00:00,19,1,16,6,0.0,144995.47,153537.7,148809.6433333333,150871.30708333332,153729.2
2020-06-16 20:00:00,20,1,16,6,0.0,153729.2,157643.84,148833.2766666667,150879.28625,158414.11
2020-06-16 21:00:00,21,1,16,6,0.0,158414.11,159229.46,152379.59333333335,150911.38083333333,160773.76
2020-06-16 22:00:00,22,1,16,6,0.0,160773.76,160219.39,157639.02333333335,150975.72666666665,160862.72
2020-06-16 23:00:00,23,1,16,6,0.0,160862.72,157776.38,160016.8633333333,151002.53208333332,158346.28
2020-06-17 00:00:00,0,2,17,6,0.0,158346.28,154039.47,159994.25333333333,151026.27791666667,154709.33
2020-06-17 01:00:00,1,2,17,6,0.0,154709.33,149832.63,157972.77666666664,151054.18875,150926.93
2020-06-17 02:00:00,2,2,17,6,0.0,150926.93,145587.44,154660.84666666665,151099.78458333333,147260.01
2020-06-17 03:00:00,3,2,17,6,0.0,147260.01,142564.13,150965.42333333334,151169.475,144396.75
2020-06-17 04:00:00,4,2,17,6,0.0,144396.75,141719.37,147527.89666666667,151245.83416666667,143509.93
2020-06-17 05:00:00,5,2,17,6,0.0,143509.93,142027.07,145055.56333333332,151320.44083333333,143133.3
2020-06-17 06:00:00,6,2,17,6,742.7796428571428,143133.3,142108.97,143679.99333333332,151366.53375,141270.85
2020-06-17 07:00:00,7,2,17,6,1974.002023809524,141270.85,142922.4,142638.02666666664,151331.61208333334,142828.52
2020-06-17 08:00:00,8,2,17,6,4574.047023809524,142828.52,146288.68,142410.88999999998,151327.70041666666,145860.6
2020-06-17 09:00:00,9,2,17,6,7106.181547619047,145860.6,150826.73,143319.99,151309.86375,150029.62
2020-06-17 10:00:00,10,2,17,6,10649.928214285716,150029.62,152944.95,146239.58,151276.65083333335,153025.43
2020-06-17 11:00:00,11,2,17,6,12003.874285714286,153025.43,153716.79,149638.55000000002,151280.00416666668,155116.78
2020-06-17 12:00:00,12,2,17,6,15119.965,155116.78,154261.42,152723.94333333333,151338.33708333332,155970.07
2020-06-17 13:00:00,13,2,17,6,11820.64488095238,155970.07,154353.55,154704.09333333332,151409.53083333335,155570.1
2020-06-17 14:00:00,14,2,17,6,10554.038928571428,155570.1,156050.16,155552.31666666665,151460.22041666668,157738.95
2020-06-17 15:00:00,15,2,17,6,9962.74511904762,157738.95,156831.91,156426.37333333332,151530.58666666667,158161.52
2020-06-17 16:00:00,16,2,17,6,5730.271904761905,158161.52,153658.3,157156.85666666666,151585.98708333334,154971.26
2020-06-17 17:00:00,17,2,17,6,2259.199047619048,154971.26,147775.16,156957.24333333332,151640.69375,149331.57
2020-06-17 18:00:00,18,2,17,6,611.4016666666666,149331.57,144995.47,154154.78333333335,151705.54416666666,146471.41
2020-06-17 19:00:00,19,2,17,6,0.0,146471.41,153729.2,150258.08,151767.04166666666,154152.02
2020-06-17 20:00:00,20,2,17,6,0.0,154152.02,158414.11,149985.0,151784.65916666665,158111.57
2020-06-17 21:00:00,21,2,17,6,0.0,158111.57,160773.76,152911.66666666666,151772.05333333334,159972.36
2020-06-17 22:00:00,22,2,17,6,0.0,159972.36,160862.72,157411.9833333333,151738.66166666665,160624.62
2020-06-17 23:00:00,23,2,17,6,0.0,160624.62,158346.28,159569.51666666666,151728.74083333334,157527.07
