DATE_TIME,Solar_AC_Power,National Hourly Demand
2020-05-15 00:00:00,0.0,139190.78
2020-05-15 01:00:00,0.0,135687.17
2020-05-15 02:00:00,0.0,132899.64
2020-05-15 03:00:00,0.0,131628.36
2020-05-15 04:00:00,0.0,130762.33
2020-05-15 05:00:00,0.0,130425.27
2020-05-15 06:00:00,1376.1564285714287,128393.16
2020-05-15 07:00:00,9145.536904761906,129436.7
2020-05-15 08:00:00,14758.825476190475,132053.53
2020-05-15 09:00:00,19057.77869047619,137079.33
2020-05-15 10:00:00,17756.011904761905,138756.0
2020-05-15 11:00:00,17258.742023809522,140099.52
2020-05-15 12:00:00,17117.60142857143,142112.42
2020-05-15 13:00:00,17566.582976190475,143860.83
2020-05-15 14:00:00,17660.658333333333,147698.88
2020-05-15 15:00:00,16909.618095238096,148952.43
2020-05-15 16:00:00,10699.268214285714,144417.17
2020-05-15 17:00:00,3327.974642857143,135782.96
2020-05-15 18:00:00,224.67904761904762,130616.67
2020-05-15 19:00:00,0.0,138438.42
2020-05-15 20:00:00,0.0,142452.77
2020-05-15 21:00:00,0.0,145055.8
2020-05-15 22:00:00,0.0,147525.14
2020-05-15 23:00:00,0.0,146687.49
2020-05-16 00:00:00,0.0,143475.81
2020-05-16 01:00:00,0.0,140840.83
2020-05-16 02:00:00,0.0,138092.51
2020-05-16 03:00:00,0.0,136742.28
2020-05-16 04:00:00,0.0,135393.13
2020-05-16 05:00:00,0.0,134738.1
2020-05-16 06:00:00,1463.4284523809524,133545.17
2020-05-16 07:00:00,6448.071071428572,133717.85
2020-05-16 08:00:00,14129.9525,135936.42
2020-05-16 09:00:00,19790.406666666666,140149.75
2020-05-16 10:00:00,17107.199047619048,140572.72
2020-05-16 11:00:00,17344.349761904763,141998.12
2020-05-16 12:00:00,13877.232142857143,143927.27
2020-05-16 13:00:00,14994.970119047619,144410.35
2020-05-16 14:00:00,16065.674523809523,145798.34
2020-05-16 15:00:00,11362.159166666666,146170.78
2020-05-16 16:00:00,4923.641547619048,141857.25
2020-05-16 17:00:00,1052.1095238095238,133842.0
2020-05-16 18:00:00,4.170595238095238,129271.5
2020-05-16 19:00:00,0.0,138655.28
2020-05-16 20:00:00,0.0,142590.34
2020-05-16 21:00:00,0.0,145332.63
2020-05-16 22:00:00,0.0,147816.43
2020-05-16 23:00:00,0.0,146308.18
2020-05-17 00:00:00,0.0,143436.39
2020-05-17 01:00:00,0.0,140289.28
2020-05-17 02:00:00,0.0,137678.8
2020-05-17 03:00:00,0.0,136392.11
2020-05-17 04:00:00,0.0,134893.88
2020-05-17 05:00:00,0.0,133830.39
2020-05-17 06:00:00,567.3472619047618,132560.71
2020-05-17 07:00:00,3692.420357142857,132273.74
2020-05-17 08:00:00,13285.585595238095,133486.84
2020-05-17 09:00:00,17442.729047619046,135090.14
2020-05-17 10:00:00,15520.189047619047,136388.33
2020-05-17 11:00:00,13526.416547619046,137479.23
2020-05-17 12:00:00,17503.545,138451.72
2020-05-17 13:00:00,14933.610595238095,140432.17
2020-05-17 14:00:00,15329.867619047618,142273.67
2020-05-17 15:00:00,8776.644642857143,141608.39
2020-05-17 16:00:00,11319.9438003663,137683.94
2020-05-17 17:00:00,3410.154642857143,129643.72
2020-05-17 18:00:00,789.8010714285714,125063.9
2020-05-17 19:00:00,0.0,134650.72
2020-05-17 20:00:00,0.0,138984.76
2020-05-17 21:00:00,0.0,142200.45
2020-05-17 22:00:00,0.0,144339.37
2020-05-17 23:00:00,0.0,143852.24
2020-05-18 00:00:00,0.0,140366.46
2020-05-18 01:00:00,0.0,137164.78
2020-05-18 02:00:00,0.0,133938.24
2020-05-18 03:00:00,0.0,132815.79
2020-05-18 04:00:00,0.0,131000.36
2020-05-18 05:00:00,0.0,130880.75
2020-05-18 06:00:00,0.0,130430.72
2020-05-18 07:00:00,560.1733333333334,131769.74
2020-05-18 08:00:00,7976.833809523809,134553.32
2020-05-18 09:00:00,15253.700357142858,138612.46
2020-05-18 10:00:00,13666.079642857143,140470.26
2020-05-18 11:00:00,16897.657976190476,141938.36
2020-05-18 12:00:00,16110.467976190475,143731.25
2020-05-18 13:00:00,15531.089166666667,144442.85
2020-05-18 14:00:00,16697.927023809523,146938.79
2020-05-18 15:00:00,13293.60595238095,148271.59
2020-05-18 16:00:00,9839.00107142857,145032.55
2020-05-18 17:00:00,3476.207976190476,136228.99
2020-05-18 18:00:00,450.39702380952383,130384.34
2020-05-18 19:00:00,0.0,139105.12
2020-05-18 20:00:00,0.0,143679.37
2020-05-18 21:00:00,0.0,146191.04
2020-05-18 22:00:00,0.0,149026.78
2020-05-18 23:00:00,0.0,148025.22
2020-05-19 00:00:00,0.0,144610.61
2020-05-19 01:00:00,0.0,141257.43
2020-05-19 02:00:00,0.0,138024.96
2020-05-19 03:00:00,0.0,136016.15
2020-05-19 04:00:00,0.0,134260.56
2020-05-19 05:00:00,0.0,133848.37
2020-05-19 06:00:00,1382.952619047619,133546.02
2020-05-19 07:00:00,7476.874404761905,134717.44
2020-05-19 08:00:00,9298.863095238095,136539.34
2020-05-19 09:00:00,9298.71261904762,138753.87
2020-05-19 10:00:00,10779.14380952381,139904.35
2020-05-19 11:00:00,15652.919166666667,138835.25
2020-05-19 12:00:00,15627.39130952381,140370.75
2020-05-19 13:00:00,15965.529285714285,141859.71
2020-05-19 14:00:00,15804.095238095239,144796.92
2020-05-19 15:00:00,6131.086346153846,145456.64
2020-05-19 16:00:00,1078.0487698412699,142892.18
2020-05-19 17:00:00,149.62,137001.94
2020-05-19 18:00:00,12.956190476190477,131374.16
2020-05-19 19:00:00,0.0,139627.36
2020-05-19 20:00:00,0.0,143719.18
2020-05-19 21:00:00,0.0,146380.36
2020-05-19 22:00:00,0.0,149066.82
2020-05-19 23:00:00,0.0,147556.06
2020-05-20 00:00:00,0.0,142814.11
2020-05-20 01:00:00,0.0,139114.54
2020-05-20 02:00:00,0.0,136581.77
2020-05-20 03:00:00,0.0,134817.14
2020-05-20 04:00:00,0.0,133043.56
2020-05-20 05:00:00,0.0,132578.86
2020-05-20 06:00:00,697.1953571428571,132940.46
2020-05-20 07:00:00,3587.765,134451.17
2020-05-20 08:00:00,7107.720238095238,136019.44
2020-05-20 09:00:00,8775.18738095238,138860.0
2020-05-20 10:00:00,5074.558214285714,139477.38
2020-05-20 11:00:00,3695.5,138404.84
2020-05-20 12:00:00,5188.2575,139239.46
2020-05-20 13:00:00,4802.3405952380945,139447.49
2020-05-20 14:00:00,13178.8675,142221.7
2020-05-20 15:00:00,18242.599523809524,143597.96
2020-05-20 16:00:00,9589.955595238094,141977.95
2020-05-20 17:00:00,5305.0216666666665,136446.01
2020-05-20 18:00:00,920.3829761904761,128811.94
2020-05-20 19:00:00,0.0,136618.67
2020-05-20 20:00:00,0.0,139901.92
2020-05-20 21:00:00,0.0,141972.82
2020-05-20 22:00:00,0.0,144664.15
2020-05-20 23:00:00,0.0,143614.14
2020-05-21 00:00:00,0.0,141204.74
2020-05-21 01:00:00,0.0,138076.82
2020-05-21 02:00:00,0.0,135236.07
2020-05-21 03:00:00,0.0,133427.73
2020-05-21 04:00:00,0.0,131672.91
2020-05-21 05:00:00,0.0,131353.81
2020-05-21 06:00:00,1197.1675,131916.59
2020-05-21 07:00:00,5090.203214285714,132976.19
2020-05-21 08:00:00,10301.335,136024.92
2020-05-21 09:00:00,11985.65011904762,139848.95
2020-05-21 10:00:00,7279.5935714285715,141560.87
2020-05-21 11:00:00,11479.799880952381,141242.03
2020-05-21 12:00:00,11525.630119047619,141595.23
2020-05-21 13:00:00,15560.072261904763,139405.5
2020-05-21 14:00:00,18514.403214285714,142881.01
2020-05-21 15:00:00,13757.44738095238,145298.61
2020-05-21 16:00:00,9324.897619047619,144011.05
2020-05-21 17:00:00,4203.791904761904,138215.96
2020-05-21 18:00:00,535.3492857142858,132706.81
2020-05-21 19:00:00,0.0,140450.1
2020-05-21 20:00:00,0.0,144393.41
2020-05-21 21:00:00,0.0,148048.94
2020-05-21 22:00:00,0.0,150561.14
2020-05-21 23:00:00,0.0,149858.8
2020-05-22 00:00:00,0.0,147452.41
2020-05-22 01:00:00,0.0,144202.06
2020-05-22 02:00:00,0.0,140985.11
2020-05-22 03:00:00,0.0,139803.67
2020-05-22 04:00:00,0.0,138136.57
2020-05-22 05:00:00,0.8833333333333333,138463.93
2020-05-22 06:00:00,1496.9453571428571,137716.1
2020-05-22 07:00:00,5898.092380952381,139331.15
2020-05-22 08:00:00,11544.568214285715,141874.6
2020-05-22 09:00:00,12492.567023809523,144263.78
2020-05-22 10:00:00,12230.391547619049,146678.74
2020-05-22 11:00:00,12417.686071428572,148070.67
2020-05-22 12:00:00,12525.894166666667,148953.66
2020-05-22 13:00:00,12405.241831501831,150734.51
2020-05-22 14:00:00,13200.532023809523,153739.13
2020-05-22 15:00:00,14051.115952380951,155815.14
2020-05-22 16:00:00,9355.956547619047,153276.81
2020-05-22 17:00:00,3984.457857142857,144585.35
2020-05-22 18:00:00,248.6529761904762,138138.29
2020-05-22 19:00:00,0.0,144144.46
2020-05-22 20:00:00,0.0,149593.1
2020-05-22 21:00:00,0.0,152613.27
2020-05-22 22:00:00,0.0,155811.61
2020-05-22 23:00:00,0.0,155639.9
2020-05-23 00:00:00,0.0,153442.71
2020-05-23 01:00:00,0.0,150455.04
2020-05-23 02:00:00,0.0,147312.42
2020-05-23 03:00:00,0.0,145889.97
2020-05-23 04:00:00,0.0,144260.42
2020-05-23 05:00:00,0.0,143327.43
2020-05-23 06:00:00,1244.8270238095238,142604.0
2020-05-23 07:00:00,5452.821547619047,143343.65
2020-05-23 08:00:00,10968.189761904761,144436.48
2020-05-23 09:00:00,13508.730833333333,147643.21
2020-05-23 10:00:00,12414.843333333332,148466.55
2020-05-23 11:00:00,12418.100952380953,149551.37
2020-05-23 12:00:00,12740.478095238095,151150.61
2020-05-23 13:00:00,13130.281904761905,152940.83
2020-05-23 14:00:00,13548.800119047619,157068.77
2020-05-23 15:00:00,13708.490476190476,159056.96
2020-05-23 16:00:00,9013.40011904762,154866.35
2020-05-23 17:00:00,3974.4836904761905,147476.55
2020-05-23 18:00:00,489.1797619047619,140348.83
2020-05-23 19:00:00,0.0,148124.0
2020-05-23 20:00:00,0.0,152746.6
2020-05-23 21:00:00,0.0,155818.23
2020-05-23 22:00:00,0.0,160298.7
2020-05-23 23:00:00,0.0,160219.88
2020-05-24 00:00:00,0.0,157386.56
2020-05-24 01:00:00,0.0,154481.07
2020-05-24 02:00:00,0.0,151580.7
2020-05-24 03:00:00,0.0,149736.64
2020-05-24 04:00:00,0.0,148620.19
2020-05-24 05:00:00,0.0,148426.97
2020-05-24 06:00:00,1295.7171428571428,146106.53
2020-05-24 07:00:00,5315.378571428571,146130.59
2020-05-24 08:00:00,11059.738928571429,147237.9
2020-05-24 09:00:00,14500.805476190475,148551.7
2020-05-24 10:00:00,12254.224642857143,147660.08
2020-05-24 11:00:00,10432.877738095238,149567.16
2020-05-24 12:00:00,10378.887619047619,150552.66
2020-05-24 13:00:00,11387.430952380952,151322.3
2020-05-24 14:00:00,12990.710357142856,154011.25
2020-05-24 15:00:00,14118.893452380951,155628.75
2020-05-24 16:00:00,9215.350952380952,152372.8
2020-05-24 17:00:00,3674.0190476190473,145388.69
2020-05-24 18:00:00,528.324880952381,138055.71
2020-05-24 19:00:00,0.0,145814.0
2020-05-24 20:00:00,0.0,151402.05
2020-05-24 21:00:00,0.0,154998.99
2020-05-24 22:00:00,0.0,158905.18
2020-05-24 23:00:00,0.0,159018.84
2020-05-25 00:00:00,0.0,157160.17
2020-05-25 01:00:00,0.0,154566.64
2020-05-25 02:00:00,0.0,151002.88
2020-05-25 03:00:00,0.0,148505.82
2020-05-25 04:00:00,0.0,147896.64
2020-05-25 05:00:00,0.0,148365.23
2020-05-25 06:00:00,1432.0774999999999,148333.53
2020-05-25 07:00:00,5367.757619047619,149384.84
2020-05-25 08:00:00,10408.32261904762,150937.06
2020-05-25 09:00:00,14905.888928571429,153827.53
2020-05-25 10:00:00,16660.184404761905,155042.41
2020-05-25 11:00:00,16834.21523809524,156596.87
2020-05-25 12:00:00,17141.302142857145,157100.88
2020-05-25 13:00:00,17068.585119047617,156430.9
2020-05-25 14:00:00,17309.337023809523,157451.04
2020-05-25 15:00:00,14262.987738095238,158853.5
2020-05-25 16:00:00,8839.723452380951,155524.89
2020-05-25 17:00:00,2102.0508333333337,148198.76
2020-05-25 18:00:00,61.631904761904764,141746.11
2020-05-25 19:00:00,0.0,148637.5
2020-05-25 20:00:00,0.0,153366.86
2020-05-25 21:00:00,0.0,156961.36
2020-05-25 22:00:00,0.0,161437.2
2020-05-25 23:00:00,0.0,161721.47
2020-05-26 00:00:00,0.0,159358.41
2020-05-26 01:00:00,0.0,156662.83
2020-05-26 02:00:00,0.0,152993.62
2020-05-26 03:00:00,0.0,150224.64
2020-05-26 04:00:00,0.0,148864.55
2020-05-26 05:00:00,0.0,148733.95
2020-05-26 06:00:00,1294.7821428571428,148978.2
2020-05-26 07:00:00,5511.892738095237,149768.94
2020-05-26 08:00:00,11215.93761904762,150648.48
2020-05-26 09:00:00,15695.64488095238,152920.15
2020-05-26 10:00:00,16480.77357142857,155225.42
2020-05-26 11:00:00,16485.300833333335,156307.72
2020-05-26 12:00:00,15782.75,156987.76
2020-05-26 13:00:00,15828.074523809524,158017.14
2020-05-26 14:00:00,16532.46880952381,162593.48
2020-05-26 15:00:00,13778.583214285714,165218.26
2020-05-26 16:00:00,9336.055476190477,162673.47
2020-05-26 17:00:00,2484.548333333333,153283.1
2020-05-26 18:00:00,443.9960714285714,142437.95
2020-05-26 19:00:00,0.0,148093.42
2020-05-26 20:00:00,0.0,152413.24
2020-05-26 21:00:00,0.0,156725.03
2020-05-26 22:00:00,0.0,161560.51
2020-05-26 23:00:00,0.0,161594.91
2020-05-27 00:00:00,0.0,159158.95
2020-05-27 01:00:00,0.0,155714.92
2020-05-27 02:00:00,0.0,152104.83
2020-05-27 03:00:00,0.0,149577.3
2020-05-27 04:00:00,0.0,148242.69
2020-05-27 05:00:00,0.0,148057.1
2020-05-27 06:00:00,1097.8195238095236,148027.79
2020-05-27 07:00:00,4865.009166666667,148510.1
2020-05-27 08:00:00,10295.843214285715,148718.02
2020-05-27 09:00:00,12533.76619047619,151965.37
2020-05-27 10:00:00,10472.90119047619,153448.39
2020-05-27 11:00:00,9569.047857142858,155401.17
2020-05-27 12:00:00,10195.928333333333,156701.78
2020-05-27 13:00:00,10532.927023809525,157701.33
2020-05-27 14:00:00,12082.767142857143,160627.93
2020-05-27 15:00:00,13311.98238095238,162339.9
2020-05-27 16:00:00,9155.174880952381,159022.43
2020-05-27 17:00:00,3986.8025,149431.58
2020-05-27 18:00:00,766.5717857142857,138983.68
2020-05-27 19:00:00,0.0,142757.04
2020-05-27 20:00:00,0.0,148114.48
2020-05-27 21:00:00,0.0,151388.53
2020-05-27 22:00:00,0.0,154518.5
2020-05-27 23:00:00,0.0,154059.73
2020-05-28 00:00:00,0.0,150025.72
2020-05-28 01:00:00,0.0,146503.84
2020-05-28 02:00:00,0.0,142660.63
2020-05-28 03:00:00,0.0,140367.42
2020-05-28 04:00:00,0.0,139243.5
2020-05-28 05:00:00,0.0,139809.98
2020-05-28 06:00:00,1027.8890476190477,141083.85
2020-05-28 07:00:00,5232.764166666667,142478.37
2020-05-28 08:00:00,11132.234761904761,143631.79
2020-05-28 09:00:00,15561.284166666666,146214.98
2020-05-28 10:00:00,13494.116547619047,147618.56
2020-05-28 11:00:00,13285.98261904762,149100.79
2020-05-28 12:00:00,13560.280119047618,150717.88
2020-05-28 13:00:00,8677.574047619048,152570.03
2020-05-28 14:00:00,11502.790805860805,157441.83
2020-05-28 15:00:00,14735.887261904762,158310.42
2020-05-28 16:00:00,8950.379047619048,153061.98
2020-05-28 17:00:00,4020.75260989011,141822.17
2020-05-28 18:00:00,753.7838095238095,130608.94
2020-05-28 19:00:00,0.0,135951.93
2020-05-28 20:00:00,0.0,140202.52
2020-05-28 21:00:00,0.0,142543.22
2020-05-28 22:00:00,0.0,144535.68
2020-05-28 23:00:00,0.0,143017.45
2020-05-29 00:00:00,0.0,139957.14
2020-05-29 01:00:00,0.0,137512.29
2020-05-29 02:00:00,0.0,134638.9
2020-05-29 03:00:00,0.0,131426.88
2020-05-29 04:00:00,0.0,130373.37
2020-05-29 05:00:00,0.0,131884.22
2020-05-29 06:00:00,1344.7996428571428,133714.04
2020-05-29 07:00:00,3024.977976190476,136462.34
2020-05-29 08:00:00,9804.325952380952,138673.42
2020-05-29 09:00:00,14577.670714285714,142399.01
2020-05-29 10:00:00,12154.701071428572,145237.14
2020-05-29 11:00:00,10815.353333333333,147535.34
2020-05-29 12:00:00,11796.138809523809,149050.22
2020-05-29 13:00:00,14007.577976190476,150148.21
2020-05-29 14:00:00,13953.909404761904,153855.39
2020-05-29 15:00:00,13798.209606227107,155293.83
2020-05-29 16:00:00,12426.552943722943,151989.09
2020-05-29 17:00:00,5990.476904761905,141751.91
2020-05-29 18:00:00,756.2227380952381,133756.76
2020-05-29 19:00:00,0.0,139228.29
2020-05-29 20:00:00,0.0,141978.22
2020-05-29 21:00:00,0.0,144145.32
2020-05-29 22:00:00,0.0,147659.45
2020-05-29 23:00:00,0.0,145856.04
2020-05-30 00:00:00,0.0,141987.49
2020-05-30 01:00:00,0.0,138286.6
2020-05-30 02:00:00,0.0,133839.57
2020-05-30 03:00:00,0.0,131530.0
2020-05-30 04:00:00,0.0,130169.71
2020-05-30 05:00:00,0.0,130937.35
2020-05-30 06:00:00,553.7210714285713,132069.51
2020-05-30 07:00:00,3483.582857142857,134314.12
2020-05-30 08:00:00,6357.731428571428,136295.22
2020-05-30 09:00:00,12177.505357142858,139828.31
2020-05-30 10:00:00,17594.898452380952,141598.06
2020-05-30 11:00:00,18004.016071428574,143473.58
2020-05-30 12:00:00,17317.846904761904,146747.68
2020-05-30 13:00:00,19028.83357142857,147506.71
2020-05-30 14:00:00,19293.43261904762,151014.29
2020-05-30 15:00:00,18024.463333333333,151278.3
2020-05-30 16:00:00,12219.881071428572,146564.45
2020-05-30 17:00:00,5529.9775,138759.78
2020-05-30 18:00:00,628.2414285714285,130630.69
2020-05-30 19:00:00,0.0,135269.31
2020-05-30 20:00:00,0.0,138025.26
2020-05-30 21:00:00,0.0,140185.18
2020-05-30 22:00:00,0.0,141695.81
2020-05-30 23:00:00,0.0,140791.64
2020-05-31 00:00:00,0.0,137356.44
2020-05-31 01:00:00,0.0,133970.0
2020-05-31 02:00:00,0.0,129971.59
2020-05-31 03:00:00,0.0,126523.93
2020-05-31 04:00:00,0.0,125091.65
2020-05-31 05:00:00,0.0,125612.89
2020-05-31 06:00:00,1630.9735714285714,126391.35
2020-05-31 07:00:00,2960.602976190476,127458.57
2020-05-31 08:00:00,8580.365238095237,128912.6
2020-05-31 09:00:00,14567.112380952381,130807.61
2020-05-31 10:00:00,18087.15976190476,132037.62
2020-05-31 11:00:00,17235.20869047619,134192.29
2020-05-31 12:00:00,20292.192142857144,136673.74
2020-05-31 13:00:00,23615.849166666667,138055.49
2020-05-31 14:00:00,14667.290238095238,137516.69
2020-05-31 15:00:00,8429.00857142857,135930.38
2020-05-31 16:00:00,3998.5761904761903,131125.64
2020-05-31 17:00:00,1616.9069047619048,123745.05
2020-05-31 18:00:00,410.2895238095238,119391.77
2020-05-31 19:00:00,0.0,127804.39
2020-05-31 20:00:00,0.0,132345.84
2020-05-31 21:00:00,0.0,135047.24
2020-05-31 22:00:00,0.0,137594.36
2020-05-31 23:00:00,0.0,137082.49
2020-06-01 00:00:00,0.0,133194.93
2020-06-01 01:00:00,0.0,129758.85
2020-06-01 02:00:00,0.0,126180.71
2020-06-01 03:00:00,0.0,123623.17
2020-06-01 04:00:00,0.0,122020.9
2020-06-01 05:00:00,0.0,122222.93
2020-06-01 06:00:00,1148.0761904761903,122339.99
2020-06-01 07:00:00,4200.414642857143,124480.66
2020-06-01 08:00:00,9036.333095238095,127810.83
2020-06-01 09:00:00,19355.137738095236,133300.48
2020-06-01 10:00:00,18444.64107142857,136768.04
2020-06-01 11:00:00,11393.541904761903,138995.85
2020-06-01 12:00:00,17816.001547619046,140845.29
2020-06-01 13:00:00,3627.008452380953,141453.72
2020-06-01 14:00:00,1428.4041666666667,143848.82
2020-06-01 15:00:00,1435.6307142857142,144589.38
2020-06-01 16:00:00,2403.205595238095,140214.58
2020-06-01 17:00:00,842.5741819291819,132990.16
2020-06-01 18:00:00,0.0,128660.32
2020-06-01 19:00:00,0.0,135415.71
2020-06-01 20:00:00,0.0,138953.17
2020-06-01 21:00:00,0.0,140490.28
2020-06-01 22:00:00,0.0,142718.24
2020-06-01 23:00:00,0.0,141285.23
2020-06-02 00:00:00,0.0,138582.6
2020-06-02 01:00:00,0.0,134776.91
2020-06-02 02:00:00,0.0,130476.68
2020-06-02 03:00:00,0.0,126773.14
2020-06-02 04:00:00,0.0,124855.5
2020-06-02 05:00:00,1.2945238095238094,124373.0
2020-06-02 06:00:00,2389.551071428571,124373.3
2020-06-02 07:00:00,7099.2775,126387.21
2020-06-02 08:00:00,11790.957738095238,128693.46
2020-06-02 09:00:00,13457.665238095238,132093.68
2020-06-02 10:00:00,14606.52,134252.97
2020-06-02 11:00:00,11545.808095238095,135534.88
2020-06-02 12:00:00,7887.848095238096,137729.13
2020-06-02 13:00:00,14486.338095238096,138294.61
2020-06-02 14:00:00,15612.7675,141005.72
2020-06-02 15:00:00,14565.323809523808,141289.4
2020-06-02 16:00:00,4469.025,137713.66
2020-06-02 17:00:00,7777.003214285714,130266.41
2020-06-02 18:00:00,1378.0215476190476,126769.76
2020-06-02 19:00:00,0.0,135300.05
2020-06-02 20:00:00,0.0,139393.93
2020-06-02 21:00:00,0.0,140547.68
2020-06-02 22:00:00,0.0,142155.58
2020-06-02 23:00:00,0.0,140252.08
2020-06-03 00:00:00,0.0,136459.31
2020-06-03 01:00:00,0.0,132946.11
2020-06-03 02:00:00,0.0,129303.51
2020-06-03 03:00:00,0.0,126661.78
2020-06-03 04:00:00,0.0,125456.44
2020-06-03 05:00:00,0.0,125266.38
2020-06-03 06:00:00,1046.0341666666668,125639.19
2020-06-03 07:00:00,4746.829285714286,127069.47
2020-06-03 08:00:00,10276.199166666665,129452.89
2020-06-03 09:00:00,12244.703095238096,132877.91
2020-06-03 10:00:00,8686.325119047619,133885.38
2020-06-03 11:00:00,10986.219285714285,133907.12
2020-06-03 12:00:00,9919.058571428572,134082.3
2020-06-03 13:00:00,9876.327261904762,133043.62
2020-06-03 14:00:00,13196.480158730157,134901.61
2020-06-03 15:00:00,12328.895714285714,133862.17
2020-06-03 16:00:00,7039.320714285714,129320.58
2020-06-03 17:00:00,3781.9264285714285,124316.7
2020-06-03 18:00:00,682.0701190476191,123994.93
2020-06-03 19:00:00,0.0,132940.63
2020-06-03 20:00:00,0.0,136552.8
2020-06-03 21:00:00,0.0,139015.03
2020-06-03 22:00:00,0.0,140647.92
2020-06-03 23:00:00,0.0,138286.25
2020-06-04 00:00:00,0.0,134078.45
2020-06-04 01:00:00,0.0,130848.06
2020-06-04 02:00:00,0.0,127237.11
2020-06-04 03:00:00,0.0,124676.68
2020-06-04 04:00:00,0.0,123218.43
2020-06-04 05:00:00,0.0,122372.45
2020-06-04 06:00:00,1069.5830952380952,122992.3
2020-06-04 07:00:00,5170.1392857142855,124771.52
2020-06-04 08:00:00,10611.819285714286,127398.72
2020-06-04 09:00:00,14191.668095238096,129821.56
2020-06-04 10:00:00,11227.196547619047,130168.14
2020-06-04 11:00:00,14859.310238095239,130495.62
2020-06-04 12:00:00,14938.011904761905,131451.78
2020-06-04 13:00:00,11177.082261904761,130813.86
2020-06-04 14:00:00,9739.46261904762,133363.82
2020-06-04 15:00:00,10426.472023809523,133516.74
2020-06-04 16:00:00,7869.81619047619,131152.62
2020-06-04 17:00:00,4100.373095238096,126212.09
2020-06-04 18:00:00,816.4448809523809,126283.88
2020-06-04 19:00:00,0.0,133681.62
2020-06-04 20:00:00,0.0,135436.71
2020-06-04 21:00:00,0.0,136210.72
2020-06-04 22:00:00,0.0,136423.65
2020-06-04 23:00:00,0.0,132809.77
2020-06-05 00:00:00,0.0,128382.01
2020-06-05 01:00:00,0.0,124648.91
2020-06-05 02:00:00,0.0,120796.44
2020-06-05 03:00:00,0.0,117890.79
2020-06-05 04:00:00,0.0,117264.82
2020-06-05 05:00:00,0.0,118718.23
2020-06-05 06:00:00,1184.8946428571428,121065.85
2020-06-05 07:00:00,4655.125952380953,123912.6
2020-06-05 08:00:00,12246.984285714285,126627.85
2020-06-05 09:00:00,16731.0425,129865.15
2020-06-05 10:00:00,14372.884166666667,131720.08
2020-06-05 11:00:00,12851.27642857143,132262.63
2020-06-05 12:00:00,17018.981190476192,133502.31
2020-06-05 13:00:00,10966.860238095238,133644.12
2020-06-05 14:00:00,9456.625119047618,136408.21
2020-06-05 15:00:00,10657.181547619048,136805.62
2020-06-05 16:00:00,9881.689761904761,132627.53
2020-06-05 17:00:00,6095.833452380952,127324.36
2020-06-05 18:00:00,715.0990476190476,124736.66
2020-06-05 19:00:00,0.0,133269.82
2020-06-05 20:00:00,0.0,135752.52
2020-06-05 21:00:00,0.0,136919.36
2020-06-05 22:00:00,0.0,138509.9
2020-06-05 23:00:00,0.0,135503.95
2020-06-06 00:00:00,0.0,131282.64
2020-06-06 01:00:00,0.0,127779.61
2020-06-06 02:00:00,0.0,124534.65
2020-06-06 03:00:00,0.0,122235.66
2020-06-06 04:00:00,0.0,121899.34
2020-06-06 05:00:00,0.0,123093.52
2020-06-06 06:00:00,1686.9690476190476,123911.96
2020-06-06 07:00:00,3240.4716666666664,126728.71
2020-06-06 08:00:00,13128.695476190474,131372.06
2020-06-06 09:00:00,14623.559523809523,133946.4
2020-06-06 10:00:00,15727.346071428572,132526.78
2020-06-06 11:00:00,13610.090714285714,133189.0
2020-06-06 12:00:00,14272.73011904762,135078.31
2020-06-06 13:00:00,11647.906547619048,135551.73
2020-06-06 14:00:00,8156.910714285714,138700.31
2020-06-06 15:00:00,12606.284404761906,138939.13
2020-06-06 16:00:00,13121.59154761905,136321.25
2020-06-06 17:00:00,5965.033690476191,130814.67
2020-06-06 18:00:00,995.3748809523809,128373.69
2020-06-06 19:00:00,0.0,138037.25
2020-06-06 20:00:00,0.0,141284.12
2020-06-06 21:00:00,0.0,143436.88
2020-06-06 22:00:00,0.0,145387.76
2020-06-06 23:00:00,0.0,143256.54
2020-06-07 00:00:00,0.0,139719.39
2020-06-07 01:00:00,0.0,136506.81
2020-06-07 02:00:00,0.0,133286.27
2020-06-07 03:00:00,0.0,130227.24
2020-06-07 04:00:00,0.0,128912.6
2020-06-07 05:00:00,0.0,128662.98
2020-06-07 06:00:00,1060.6167857142857,127802.64
2020-06-07 07:00:00,4137.705952380952,128639.52
2020-06-07 08:00:00,10858.947857142857,129421.16
2020-06-07 09:00:00,11955.697976190477,130800.53
2020-06-07 10:00:00,13046.897261904762,130535.08
2020-06-07 11:00:00,12239.056666666667,130585.24
2020-06-07 12:00:00,14042.617023809524,131285.46
2020-06-07 13:00:00,12358.40738095238,130880.1
2020-06-07 14:00:00,14856.967857142858,131409.08
2020-06-07 15:00:00,7569.072142857142,130407.11
2020-06-07 16:00:00,7020.352023809523,127789.73
2020-06-07 17:00:00,5508.125714285714,122863.97
2020-06-07 18:00:00,977.737619047619,123455.68
2020-06-07 19:00:00,0.0,133056.95
2020-06-07 20:00:00,0.0,137960.38
2020-06-07 21:00:00,0.0,140426.06
2020-06-07 22:00:00,0.0,143042.92
2020-06-07 23:00:00,0.0,141016.83
2020-06-08 00:00:00,0.0,138309.68
2020-06-08 01:00:00,0.0,134631.52
2020-06-08 02:00:00,0.0,131070.13
2020-06-08 03:00:00,0.0,128262.47
2020-06-08 04:00:00,0.0,127488.44
2020-06-08 05:00:00,0.0,128496.45
2020-06-08 06:00:00,1621.2120238095238,129671.08
2020-06-08 07:00:00,7261.6809523809525,133351.0
2020-06-08 08:00:00,11966.279880952381,137912.31
2020-06-08 09:00:00,14890.556254578754,143269.91
2020-06-08 10:00:00,14516.451309523809,145120.5
2020-06-08 11:00:00,15130.784166666668,145031.09
2020-06-08 12:00:00,15017.033095238095,145913.15
2020-06-08 13:00:00,13225.734642857144,146261.62
2020-06-08 14:00:00,16785.644642857143,147875.15
2020-06-08 15:00:00,18062.06142857143,148482.2
2020-06-08 16:00:00,11728.440476190477,146271.25
2020-06-08 17:00:00,5982.163095238096,139584.21
2020-06-08 18:00:00,1473.1136904761904,136018.91
2020-06-08 19:00:00,0.0,144288.34
2020-06-08 20:00:00,0.0,147912.27
2020-06-08 21:00:00,0.0,150728.13
2020-06-08 22:00:00,0.0,152222.66
2020-06-08 23:00:00,0.0,150845.44
2020-06-09 00:00:00,0.0,147941.86
2020-06-09 01:00:00,0.0,144879.67
2020-06-09 02:00:00,0.0,142072.71
2020-06-09 03:00:00,0.0,139766.76
2020-06-09 04:00:00,0.0,139296.11
2020-06-09 05:00:00,0.0,139060.02
2020-06-09 06:00:00,1420.4280952380952,139758.53
2020-06-09 07:00:00,9048.017023809523,141742.25
2020-06-09 08:00:00,13396.025714285714,145535.52
2020-06-09 09:00:00,15290.431666666667,149271.02
2020-06-09 10:00:00,14136.624404761904,150391.76
2020-06-09 11:00:00,12168.76630952381,151546.09
2020-06-09 12:00:00,12717.584761904762,152421.6
2020-06-09 13:00:00,12001.905119047618,153462.15
2020-06-09 14:00:00,13275.500595238094,155804.28
2020-06-09 15:00:00,14519.723333333333,155464.45
2020-06-09 16:00:00,12351.345714285715,150979.44
2020-06-09 17:00:00,4344.509523809524,143678.72
2020-06-09 18:00:00,807.5465476190476,141284.83
2020-06-09 19:00:00,0.0,149678.11
2020-06-09 20:00:00,0.0,153104.93
2020-06-09 21:00:00,0.0,155112.36
2020-06-09 22:00:00,0.0,157058.67
2020-06-09 23:00:00,0.0,155586.04
2020-06-10 00:00:00,0.0,153203.7
2020-06-10 01:00:00,0.0,149964.7
2020-06-10 02:00:00,0.0,146554.45
2020-06-10 03:00:00,0.0,144465.24
2020-06-10 04:00:00,0.0,143591.66
2020-06-10 05:00:00,0.0,143410.87
2020-06-10 06:00:00,803.9541666666667,144228.24
2020-06-10 07:00:00,3329.752857142857,145860.03
2020-06-10 08:00:00,11593.880714285715,148643.98
2020-06-10 09:00:00,13983.386071428571,153103.05
2020-06-10 10:00:00,15223.930714285714,155163.55
2020-06-10 11:00:00,5190.610595238095,156877.7
2020-06-10 12:00:00,13710.692261904762,157933.77
2020-06-10 13:00:00,11415.720357142858,158236.58
2020-06-10 14:00:00,6201.667976190476,159786.45
2020-06-10 15:00:00,6026.140357142857,159074.3
2020-06-10 16:00:00,7965.96380952381,153342.59
2020-06-10 17:00:00,781.0375865800866,143243.43
2020-06-10 18:00:00,44.865,138317.44
2020-06-10 19:00:00,0.0,146254.44
2020-06-10 20:00:00,0.0,149847.3
2020-06-10 21:00:00,0.0,153226.41
2020-06-10 22:00:00,0.0,154358.23
2020-06-10 23:00:00,0.0,152801.0
2020-06-11 00:00:00,0.0,149187.51
2020-06-11 01:00:00,0.0,145790.66
2020-06-11 02:00:00,0.0,142608.23
2020-06-11 03:00:00,0.0,139967.36
2020-06-11 04:00:00,0.0,139532.36
2020-06-11 05:00:00,0.0,138714.97
2020-06-11 06:00:00,367.9713095238095,138674.15
2020-06-11 07:00:00,2674.8191666666667,140786.13
2020-06-11 08:00:00,4647.105833333333,144076.17
2020-06-11 09:00:00,8801.702857142856,148320.56
2020-06-11 10:00:00,10854.567023809523,150126.38
2020-06-11 11:00:00,14306.992142857143,151353.88
2020-06-11 12:00:00,6109.242564102564,151594.71
2020-06-11 13:00:00,11569.175595238095,152065.77
2020-06-11 14:00:00,8669.365952380951,153721.22
2020-06-11 15:00:00,9270.996547619048,152556.44
2020-06-11 16:00:00,4069.519523809524,149866.36
2020-06-11 17:00:00,2017.7342857142858,144389.13
2020-06-11 18:00:00,602.7627380952381,140542.63
2020-06-11 19:00:00,0.0,149250.42
2020-06-11 20:00:00,0.0,154121.54
2020-06-11 21:00:00,0.0,155909.21
2020-06-11 22:00:00,0.0,157015.68
2020-06-11 23:00:00,0.0,154038.01
2020-06-12 00:00:00,0.0,150580.84
2020-06-12 01:00:00,0.0,147343.59
2020-06-12 02:00:00,0.0,144296.45
2020-06-12 03:00:00,0.0,141424.71
2020-06-12 04:00:00,0.0,140360.18
2020-06-12 05:00:00,0.0,139145.92
2020-06-12 06:00:00,873.2069047619048,140044.57
2020-06-12 07:00:00,4065.9532142857142,142951.78
2020-06-12 08:00:00,5239.762023809524,146356.67
2020-06-12 09:00:00,10115.701309523809,149254.44
2020-06-12 10:00:00,6338.714523809524,150078.5
2020-06-12 11:00:00,14232.817619047619,151019.21
2020-06-12 12:00:00,12399.555238095238,151642.54
2020-06-12 13:00:00,9817.835,151126.31
2020-06-12 14:00:00,12759.155119047618,152754.55
2020-06-12 15:00:00,13257.104880952382,152353.4
2020-06-12 16:00:00,6407.2155952380945,149177.14
2020-06-12 17:00:00,4188.044761904762,142645.4
2020-06-12 18:00:00,1031.1885714285713,140502.9
2020-06-12 19:00:00,0.0,148966.69
2020-06-12 20:00:00,0.0,154139.41
2020-06-12 21:00:00,0.0,155631.45
2020-06-12 22:00:00,0.0,155865.18
2020-06-12 23:00:00,0.0,153349.99
2020-06-13 00:00:00,0.0,150024.92
2020-06-13 01:00:00,0.0,146486.3
2020-06-13 02:00:00,0.0,143380.4
2020-06-13 03:00:00,0.0,140554.65
2020-06-13 04:00:00,0.0,139783.58
2020-06-13 05:00:00,0.0,138909.73
2020-06-13 06:00:00,1208.1483333333333,138206.94
2020-06-13 07:00:00,5360.836071428571,140236.48
2020-06-13 08:00:00,9294.026309523808,142555.18
2020-06-13 09:00:00,10177.835833333333,145192.58
2020-06-13 10:00:00,6591.455595238095,145659.66
2020-06-13 11:00:00,9780.185476190476,145847.88
2020-06-13 12:00:00,13343.481547619047,147044.19
2020-06-13 13:00:00,11047.267261904763,146353.66
2020-06-13 14:00:00,12723.982142857143,147709.8
2020-06-13 15:00:00,14329.289047619048,147705.64
2020-06-13 16:00:00,10392.835952380952,145324.05
2020-06-13 17:00:00,5943.333928571428,139787.73
2020-06-13 18:00:00,1184.2635714285714,138560.9
2020-06-13 19:00:00,0.0,148669.06
2020-06-13 20:00:00,0.0,154374.57
2020-06-13 21:00:00,0.0,155863.85
2020-06-13 22:00:00,0.0,156683.25
2020-06-13 23:00:00,0.0,154255.87
2020-06-14 00:00:00,0.0,150208.89
2020-06-14 01:00:00,0.0,146595.54
2020-06-14 02:00:00,0.0,142698.29
2020-06-14 03:00:00,0.0,140279.93
2020-06-14 04:00:00,0.0,139459.85
2020-06-14 05:00:00,0.0,138655.06
2020-06-14 06:00:00,1706.0813095238095,136333.69
2020-06-14 07:00:00,7302.563571428571,135952.11
2020-06-14 08:00:00,9643.029880952381,137813.55
2020-06-14 09:00:00,11956.565833333334,139447.41
2020-06-14 10:00:00,12717.70369047619,139716.44
2020-06-14 11:00:00,13152.4175,139268.58
2020-06-14 12:00:00,15085.966666666667,139868.56
2020-06-14 13:00:00,13589.055714285714,140526.59
2020-06-14 14:00:00,12966.025952380951,142039.81
2020-06-14 15:00:00,12149.391428571427,142495.81
2020-06-14 16:00:00,8173.53119047619,139875.69
2020-06-14 17:00:00,4343.863095238095,134747.16
2020-06-14 18:00:00,982.1799999999998,134571.88
2020-06-14 19:00:00,0.0,146089.31
2020-06-14 20:00:00,0.0,151858.36
2020-06-14 21:00:00,0.0,153346.33
2020-06-14 22:00:00,0.0,155356.99
2020-06-14 23:00:00,0.0,153356.15
2020-06-15 00:00:00,0.0,150228.1
2020-06-15 01:00:00,0.0,146217.17
2020-06-15 02:00:00,0.0,142262.74
2020-06-15 03:00:00,0.0,139186.56
2020-06-15 04:00:00,0.0,138384.77
2020-06-15 05:00:00,0.0,138916.28
2020-06-15 06:00:00,1350.4188095238096,138035.65
2020-06-15 07:00:00,5866.0388095238095,139713.15
2020-06-15 08:00:00,12957.181071428571,143843.99
2020-06-15 09:00:00,9538.62357142857,148937.12
2020-06-15 10:00:00,11085.936666666666,151770.22
2020-06-15 11:00:00,8803.685952380953,152805.64
2020-06-15 12:00:00,9754.252857142857,153324.0
2020-06-15 13:00:00,8775.130000000001,152092.21
2020-06-15 14:00:00,10746.996190476191,154254.84
2020-06-15 15:00:00,9453.716428571428,155133.14
2020-06-15 16:00:00,7875.884880952381,153655.87
2020-06-15 17:00:00,3328.6255952380952,147455.24
2020-06-15 18:00:00,1044.040238095238,145538.89
2020-06-15 19:00:00,0.0,153537.7
2020-06-15 20:00:00,0.0,157643.84
2020-06-15 21:00:00,0.0,159229.46
2020-06-15 22:00:00,0.0,160219.39
2020-06-15 23:00:00,0.0,157776.38
2020-06-16 00:00:00,0.0,154039.47
2020-06-16 01:00:00,0.0,149832.63
2020-06-16 02:00:00,0.0,145587.44
2020-06-16 03:00:00,0.0,142564.13
2020-06-16 04:00:00,0.0,141719.37
2020-06-16 05:00:00,0.0,142027.07
2020-06-16 06:00:00,1242.6992857142857,142108.97
2020-06-16 07:00:00,4863.556190476191,142922.4
2020-06-16 08:00:00,9740.59119047619,146288.68
2020-06-16 09:00:00,11670.16761904762,150826.73
2020-06-16 10:00:00,15205.822738095238,152944.95
2020-06-16 11:00:00,16819.03869047619,153716.79
2020-06-16 12:00:00,15056.401666666667,154261.42
2020-06-16 13:00:00,15500.392976190476,154353.55
2020-06-16 14:00:00,7806.854285714286,156050.16
2020-06-16 15:00:00,11952.617023809524,156831.91
2020-06-16 16:00:00,5522.155595238095,153658.3
2020-06-16 17:00:00,1939.3172619047618,147775.16
2020-06-16 18:00:00,387.9922619047619,144995.47
2020-06-16 19:00:00,0.0,153729.2
2020-06-16 20:00:00,0.0,158414.11
2020-06-16 21:00:00,0.0,160773.76
2020-06-16 22:00:00,0.0,160862.72
2020-06-16 23:00:00,0.0,158346.28
2020-06-17 00:00:00,0.0,154709.33
2020-06-17 01:00:00,0.0,150926.93
2020-06-17 02:00:00,0.0,147260.01
2020-06-17 03:00:00,0.0,144396.75
2020-06-17 04:00:00,0.0,143509.93
2020-06-17 05:00:00,0.0,143133.3
2020-06-17 06:00:00,742.7796428571428,141270.85
2020-06-17 07:00:00,1974.002023809524,142828.52
2020-06-17 08:00:00,4574.047023809524,145860.6
2020-06-17 09:00:00,7106.181547619047,150029.62
2020-06-17 10:00:00,10649.928214285716,153025.43
2020-06-17 11:00:00,12003.874285714286,155116.78
2020-06-17 12:00:00,15119.965,155970.07
2020-06-17 13:00:00,11820.64488095238,155570.1
2020-06-17 14:00:00,10554.038928571428,157738.95
2020-06-17 15:00:00,9962.745119047619,158161.52
2020-06-17 16:00:00,5730.271904761905,154971.26
2020-06-17 17:00:00,2259.1990476190476,149331.57
2020-06-17 18:00:00,611.4016666666666,146471.41
2020-06-17 19:00:00,0.0,154152.02
2020-06-17 20:00:00,0.0,158111.57
2020-06-17 21:00:00,0.0,159972.36
2020-06-17 22:00:00,0.0,160624.62
2020-06-17 23:00:00,0.0,157527.07
